{"name":"CameraBookmarks","class":"SimGroup","persistentId":"297f5227-f013-45ed-beee-7022ee801c7f","__parent":"MissionGroup"}
{"name":"Water","class":"SimGroup","persistentId":"47f9471e-541b-4fd6-a9ee-88867ce7f681","__parent":"MissionGroup"}
{"name":"vegetation","class":"SimGroup","persistentId":"6aed09ea-f13a-4bd2-9fa5-6f99959ee058","__parent":"MissionGroup"}
{"name":"sidewalk_patches","class":"SimGroup","persistentId":"6e01be7c-e438-4a4a-8b04-b1ee7c4837f0","__parent":"MissionGroup"}
{"name":"PlayerDropPoints","class":"SimGroup","persistentId":"6ff78b92-7ec8-44ad-bb50-a2d03c2d8b84","__parent":"MissionGroup","enabled":"1"}
{"name":"DragRace","class":"SimGroup","persistentId":"7fb72f73-d488-4e7e-9727-6a68f0232f42","__parent":"MissionGroup"}
{"name":"Audio","class":"SimGroup","persistentId":"7fb72f73-d488-4e7e-9727-6a68f0232f46","__parent":"MissionGroup","locked":true}
{"name":"pumpjacks","class":"SimGroup","persistentId":"25593862-4a26-4ed5-b8c9-96c151eaea7e","__parent":"MissionGroup"}
{"name":"busstops","class":"SimGroup","persistentId":"99516639-67eb-45cc-a2fd-e5edc0cd1418","__parent":"MissionGroup"}
{"name":"Buildings","class":"SimGroup","persistentId":"ab3675d6-11f3-4618-8454-c68384b22706","__parent":"MissionGroup"}
{"name":"DecalRoads","class":"SimGroup","persistentId":"e7495bdc-8bd4-4e8a-82c7-cff539485467","__parent":"MissionGroup"}
{"name":"Track_meshes","class":"SimGroup","persistentId":"edef3060-1db0-4b56-b6bb-3a1d7268c202","__parent":"MissionGroup"}
{"name":"AIWaypointsGroup","class":"SimGroup","persistentId":"f1a112a6-ae10-45fd-8018-0a8ff4a172d6","__parent":"MissionGroup"}
{"name":"LevelObjects","class":"SimGroup","persistentId":"fb0c58eb-64d2-470d-bb96-fcff780aab80","__parent":"MissionGroup"}
{"name":"road_signs","class":"SimGroup","persistentId":"c9011d5d-ca33-4fc7-8f75-daf4a437ffaf","__parent":"MissionGroup"}
{"name":"trafficlights","class":"SimGroup","persistentId":"9433b5fe-df7e-4be2-8707-31f7adeaebd4","__parent":"MissionGroup"}
{"name":"tunnels","class":"SimGroup","persistentId":"0843569f-c6f6-4be4-b42b-47cec8e299f2","__parent":"MissionGroup"}
{"name":"StaticObjects","class":"SimGroup","persistentId":"7f2fbc41-890e-4a03-ad30-52fcec25403b","__parent":"MissionGroup"}
{"name":"career_garage","class":"SimGroup","persistentId":"3c19de8a-0cec-4df8-ab13-9dccce99d47e","__parent":"MissionGroup"}
{"name":"dirt_decalroads","class":"SimGroup","persistentId":"7e994dc8-9f15-4a28-8820-c93649f2b790","__parent":"MissionGroup"}
{"name":"quarry","class":"SimGroup","persistentId":"73e07564-bcdc-4d9f-87ce-a4bcba3fb33c","__parent":"MissionGroup"}
{"name":"movie_studio","class":"SimGroup","persistentId":"9958b1ea-f6cf-42e9-b47d-32f61cbf7bbd","__parent":"MissionGroup"}
{"name":"port","class":"SimGroup","persistentId":"71defa49-7edf-4b14-a3ad-18d1a3467cb8","__parent":"MissionGroup"}
{"name":"gas_stations_decalroads","class":"SimGroup","persistentId":"37dd14ef-43e0-408e-9154-7b94d8c17833","__parent":"MissionGroup"}
