{"class":"TSStatic","persistentId":"c6fe1cab-3944-4572-a837-a248747308f8","__parent":"Track_meshes","collisionType":"Visible Mesh Final","decalType":"Visible Mesh Final","isRenderEnabled":false,"shapeName":"/levels/west_coast_usa/art/shapes/roads/track_road_infield1.dae"}
{"class":"TSStatic","persistentId":"1666e505-8b6d-48f6-a64f-50dcfcb0a76f","__parent":"Track_meshes","collisionType":"Visible Mesh Final","decalType":"Visible Mesh Final","isRenderEnabled":false,"shapeName":"/levels/west_coast_usa/art/shapes/roads/track_road_sector4.dae"}
{"class":"TSStatic","persistentId":"3723782e-8341-4367-aaff-626ddc6d3254","__parent":"Track_meshes","collisionType":"Visible Mesh Final","decalType":"Visible Mesh Final","isRenderEnabled":false,"shapeName":"/levels/west_coast_usa/art/shapes/roads/track_road_sector3.dae"}
{"class":"TSStatic","persistentId":"3dc2298e-0ede-418b-afca-5f79ed4d3e08","__parent":"Track_meshes","collisionType":"Visible Mesh Final","decalType":"None","isRenderEnabled":false,"shapeName":"/levels/west_coast_usa/art/shapes/buildings/grandstand_main.dae"}
{"class":"TSStatic","persistentId":"446d94e5-e368-4262-83f6-6430c364dcbb","__parent":"Track_meshes","isRenderEnabled":false,"shapeName":"/levels/west_coast_usa/art/shapes/buildings/billboards_drag.dae"}
{"class":"TSStatic","persistentId":"449977e7-3ec5-4c12-a868-43a4ba3cdb9e","__parent":"Track_meshes","collisionType":"None","decalType":"None","isRenderEnabled":false,"shapeName":"/levels/west_coast_usa/art/shapes/roads/track_road_sector5_decals.dae"}
{"class":"TSStatic","persistentId":"48ff5cec-0fd8-4855-a27f-843d6ecbcb46","__parent":"Track_meshes","collisionType":"Visible Mesh Final","decalType":"Visible Mesh Final","isRenderEnabled":false,"shapeName":"/levels/west_coast_usa/art/shapes/roads/track_road_sector1.dae"}
{"class":"TSStatic","persistentId":"594aa165-f9ca-49c7-9322-93d2851707be","__parent":"Track_meshes","collisionType":"None","decalType":"None","isRenderEnabled":false,"shapeName":"/levels/west_coast_usa/art/shapes/roads/track_road_sector7_decals.dae"}
{"class":"TSStatic","persistentId":"5cf0a10a-3ea8-49d6-82b2-8e7a672ebfb1","__parent":"Track_meshes","collisionType":"Visible Mesh Final","decalType":"Visible Mesh Final","isRenderEnabled":false,"shapeName":"/levels/west_coast_usa/art/shapes/roads/track_road_sector2.dae"}
{"class":"TSStatic","persistentId":"5d4c3f9c-f53b-4f45-9caf-7ac206d8427e","__parent":"Track_meshes","collisionType":"None","decalType":"None","isRenderEnabled":false,"shapeName":"/levels/west_coast_usa/art/shapes/roads/track_road_sector4_decals.dae"}
{"class":"TSStatic","persistentId":"5f75abd2-1d21-4e34-ac2d-247077e3d7bd","__parent":"Track_meshes","collisionType":"Visible Mesh Final","decalType":"Visible Mesh Final","isRenderEnabled":false,"shapeName":"/levels/west_coast_usa/art/shapes/roads/track_road_sector6.dae"}
{"class":"TSStatic","persistentId":"6545647f-31e5-468b-8684-2ec4f87dcddc","__parent":"Track_meshes","isRenderEnabled":false,"shapeName":"/levels/west_coast_usa/art/shapes/buildings/dragstrip_tree.dae"}
{"class":"TSStatic","persistentId":"6611c56b-b9fb-464e-8b11-687f95c564f5","__parent":"Track_meshes","collisionType":"None","decalType":"None","isRenderEnabled":false,"shapeName":"/levels/west_coast_usa/art/shapes/roads/track_road_sector3_decals.dae"}
{"class":"TSStatic","persistentId":"69b789b2-f1b1-4a35-923f-f8bbb58df8b3","__parent":"Track_meshes","collisionType":"None","decalType":"None","isRenderEnabled":false,"shapeName":"/levels/west_coast_usa/art/shapes/roads/track_road_sector2_decals.dae"}
{"class":"TSStatic","persistentId":"69f61ed0-cca4-427f-a169-14996c37df3a","__parent":"Track_meshes","collisionType":"None","decalType":"None","isRenderEnabled":false,"shapeName":"/levels/west_coast_usa/art/shapes/roads/track_road_sector6_decals.dae"}
{"class":"TSStatic","persistentId":"6bbc49f6-e34f-48f5-84e6-370337e5b7fa","__parent":"Track_meshes","collisionType":"Visible Mesh Final","decalType":"Visible Mesh Final","isRenderEnabled":false,"shapeName":"/levels/west_coast_usa/art/shapes/roads/track_road_sector8.dae"}
{"class":"TSStatic","persistentId":"7514e71f-605e-43ed-8a1a-ad829f997d13","__parent":"Track_meshes","collisionType":"Visible Mesh Final","decalType":"Visible Mesh Final","isRenderEnabled":false,"shapeName":"/levels/west_coast_usa/art/shapes/buildings/grandstand_round.dae"}
{"class":"TSStatic","persistentId":"892c094b-c07e-4607-9745-b0ce2d014ab6","__parent":"Track_meshes","collisionType":"None","decalType":"None","isRenderEnabled":false,"shapeName":"/levels/west_coast_usa/art/shapes/roads/track_road_sector1_decals.dae"}
{"class":"TSStatic","persistentId":"928829e2-3970-4971-84e4-84ebd8761517","__parent":"Track_meshes","collisionType":"Visible Mesh Final","decalType":"Visible Mesh Final","isRenderEnabled":false,"shapeName":"/levels/west_coast_usa/art/shapes/roads/track_road_sector7.dae"}
{"class":"TSStatic","persistentId":"9b4d8381-0b50-4398-908c-14e707516061","__parent":"Track_meshes","collisionType":"None","decalType":"None","isRenderEnabled":false,"shapeName":"/levels/west_coast_usa/art/shapes/roads/track_road_infield2_decals.dae","useInstanceRenderData":true}
{"class":"TSStatic","persistentId":"a9cdc886-189c-47bd-8b70-d800078908c0","__parent":"Track_meshes","collisionType":"Visible Mesh Final","decalType":"Visible Mesh Final","isRenderEnabled":false,"shapeName":"/levels/west_coast_usa/art/shapes/buildings/tower_track.dae"}
{"class":"TSStatic","persistentId":"bafd27ce-f914-475f-9675-f3b798b373ab","__parent":"Track_meshes","collisionType":"Visible Mesh Final","decalType":"None","isRenderEnabled":false,"shapeName":"/levels/west_coast_usa/art/shapes/buildings/grandstandb.dae"}
{"class":"TSStatic","persistentId":"dc327552-e119-4651-adb8-87326653adcb","__parent":"Track_meshes","collisionType":"Visible Mesh Final","decalType":"Visible Mesh Final","isRenderEnabled":false,"shapeName":"/levels/west_coast_usa/art/shapes/buildings/grandstandc.dae"}
{"class":"TSStatic","persistentId":"e038eeb9-44d2-477e-9525-2698bb085b97","__parent":"Track_meshes","collisionType":"Visible Mesh Final","decalType":"Visible Mesh Final","isRenderEnabled":false,"shapeName":"/levels/west_coast_usa/art/shapes/roads/track_road_sector5.dae"}
{"class":"TSStatic","persistentId":"e6a63fda-4901-4f30-8452-a76d68cdcf3e","__parent":"Track_meshes","isRenderEnabled":false,"shapeName":"/levels/west_coast_usa/art/shapes/buildings/billboards_dirttrack.dae"}
{"class":"TSStatic","persistentId":"edfa3684-a755-443e-b21e-51e2d6cf90e4","__parent":"Track_meshes","collisionType":"Visible Mesh Final","decalType":"Visible Mesh Final","isRenderEnabled":false,"shapeName":"/levels/west_coast_usa/art/shapes/buildings/pitlane_buildings.dae"}
{"class":"TSStatic","persistentId":"f91396b4-a734-4e82-bf9f-780909cac0ce","__parent":"Track_meshes","decalType":"None","isRenderEnabled":false,"shapeName":"/levels/west_coast_usa/art/shapes/buildings/bridge_track.dae"}
{"class":"TSStatic","persistentId":"fe307dc7-5288-4cf3-b935-83c28b2fd7e1","__parent":"Track_meshes","collisionType":"None","decalType":"None","isRenderEnabled":false,"shapeName":"/levels/west_coast_usa/art/shapes/roads/track_road_sector8_decals.dae"}
