{"class":"TSStatic","persistentId":"bf9c2965-22b3-41f1-a83c-b59240246401","__parent":"port","isRenderEnabled":false,"shapeName":"/levels/west_coast_usa/art/shapes/buildings/s_port_warehouse.dae","useInstanceRenderData":true}
{"class":"TSStatic","persistentId":"a035dba0-e828-4079-afe6-e86fb3da62d1","__parent":"port","collisionType":"Visible Mesh Final","decalType":"Visible Mesh Final","isRenderEnabled":false,"shapeName":"/levels/west_coast_usa/art/shapes/buildings/s_port_pier.dae","useInstanceRenderData":true}
