{"name":"Amb_2D","class":"SimGroup","persistentId":"3c9077c1-a7f7-428a-9efe-6c23d59f32dc","__parent":"Audio","locked":true}
{"name":"Amb_3D","class":"SimGroup","persistentId":"fddbccc6-053b-4f9b-8663-f87338c471c4","__parent":"Audio","locked":true}
{"name":"Snapshots","class":"SimGroup","persistentId":"774bc190-2611-4125-a4d4-36232e480852","__parent":"Audio","locked":true}
{"name":"Whooshes","class":"SimGroup","persistentId":"b41b5cd2-156b-41bf-8e38-087fc8290959","__parent":"Audio","locked":true}
{"name":"Wind","class":"SimGroup","persistentId":"1d6739f7-486e-44b6-8b53-c489b67abdcf","__parent":"Audio","locked":true}
{"name":"Generic_Air","class":"SFXEmitter","persistentId":"c9a0c181-5a52-4402-a866-0398019929f4","__parent":"Audio","position":[-385.967896,-218.039124,1344.69641],"cloneOrigin":"Animal_QP12_1453_1","fadeInTime":0,"fadeOutTime":0,"is3D":false,"isLooping":false,"locked":true,"maxDistance":20,"rotationMatrix":[1,0,0,0,0.999999762,-0.000690533896,0,0.000690533896,0.999999762],"scale":[20,20,20],"track":"event:>Ambient>2D>Generic_Air","useTrackDescriptionOnly":true}
{"name":"Reverb_City_01","class":"SFXSpace","persistentId":"b3090428-8e17-4c69-80db-0e1121fcd071","__parent":"Audio","position":[-759.35144,581.477356,-161.905289],"cloneOrigin":"QP06_660_1","locked":true,"rotationMatrix":[0.686239779,0.727376282,-4.7202775e-10,-0.727375805,0.686239541,-0.000690532324,-0.00050227606,0.000473871507,0.999999762],"scale":[929.883911,947.192993,1000],"soundAmbience":"Reverb_WC_City"}
{"name":"Reverb_City_02","class":"SFXSpace","persistentId":"cc2dd934-9103-4368-8473-af98965a74b0","__parent":"Audio","position":[7.67431879,702.792236,-161.756912],"cloneOrigin":"reverb_city","locked":true,"rotationMatrix":[0.9999789,0.00659682136,-5.20685717e-10,-0.00659659132,0.99997896,-0.000690532033,-4.55430472e-06,0.000690518122,0.999999762],"scale":[189.959625,417.402161,1000],"soundAmbience":"Reverb_WC_City"}
{"name":"Reverb_Generic","class":"SFXEmitter","persistentId":"5fe06a81-5980-491b-bbfc-b13bae3dea3d","__parent":"Audio","position":[-385.967896,-218.039124,1344.69641],"cloneOrigin":"Animal_QP12_1453_1","fadeInTime":0,"fadeOutTime":0,"is3D":false,"isLooping":false,"locked":true,"maxDistance":0.00999999978,"referenceDistance":0,"rotationMatrix":[1,0,0,0,0.999999762,-0.000690533896,0,0.000690533896,0.999999762],"scale":[0.00999999978,0.00999999978,0.00999999978],"track":"snapshot:>Reverb_WC_Open","useTrackDescriptionOnly":true}
