{"class":"TSStatic","persistentId":"064ad1bc-c6b6-49f5-a021-42cfb42a9e27","__parent":"career_garage_props","position":[918.003784,-548.492249,165.406784],"collisionType":"None","decalType":"None","isRenderEnabled":false,"rotationMatrix":[0.125683844,0.992070436,0,-0.992070436,0.125683844,0,0,0,1],"scale":[0.660986304,0.660986304,0.660986304],"shapeName":"/levels/west_coast_usa/art/shapes/objects/sign_chevron_L.dae","useInstanceRenderData":true}
{"class":"TSStatic","persistentId":"caef16c0-47c0-424e-9b54-293518a23913","__parent":"career_garage_props","position":[918.834656,-541.93396,165.406784],"collisionType":"None","decalType":"None","isRenderEnabled":false,"rotationMatrix":[0.125683844,0.992070436,0,-0.992070436,0.125683844,0,0,0,1],"scale":[0.660986304,0.660986304,0.660986304],"shapeName":"/levels/west_coast_usa/art/shapes/objects/sign_chevron_L.dae","useInstanceRenderData":true}
{"class":"TSStatic","persistentId":"20b9eca2-bd6c-4e28-b444-f43e017cda7d","__parent":"career_garage_props","position":[904.713684,-540.739563,163.646011],"isRenderEnabled":false,"rotationMatrix":[0.992081821,-0.125593215,0,0.125593215,0.992081821,0,0,0,1],"shapeName":"/art/shapes/garage_and_dealership/garage/s_garage_workbench_medium.dae","useInstanceRenderData":true}
{"class":"TSStatic","persistentId":"7744bc94-1032-44c8-845d-b563c01acc97","__parent":"career_garage_props","position":[902.567871,-538.38623,163.645996],"isRenderEnabled":false,"rotationMatrix":[-0.992081881,0.125592917,0,-0.125592917,-0.992081881,0,0,0,1],"shapeName":"/art/shapes/garage_and_dealership/garage/s_office_computer.dae","useInstanceRenderData":true}
{"class":"TSStatic","persistentId":"0c8f34c0-f654-498e-bd43-56e7349dc292","__parent":"career_garage_props","position":[900.542053,-540.156921,163.645599],"isRenderEnabled":false,"rotationMatrix":[0.992081821,-0.125593275,0,0.125593275,0.992081821,0,0,0,1],"shapeName":"/art/shapes/garage_and_dealership/garage/s_metal_locker.dae","useInstanceRenderData":true}
{"class":"TSStatic","persistentId":"aff7a4cf-2ab9-493b-a2ac-3b283fc0348d","__parent":"career_garage_props","position":[901.51123,-540.280579,163.645599],"isRenderEnabled":false,"rotationMatrix":[0.992081821,-0.125593275,0,0.125593275,0.992081821,0,0,0,1],"shapeName":"/art/shapes/garage_and_dealership/garage/s_metal_locker.dae","useInstanceRenderData":true}
{"class":"TSStatic","persistentId":"570cf8fc-c556-4e09-a209-75b9e05a8a71","__parent":"career_garage_props","position":[916.946045,-551.768616,164.236069],"isRenderEnabled":false,"rotationMatrix":[0.16852808,-0.0418555066,0.984807611,0.241036624,0.970516026,3.7252903e-08,-0.955771565,0.237374753,0.17364794],"shapeName":"/art/shapes/garage_and_dealership/Clutter/wood_pallet.DAE","useInstanceRenderData":true}
{"class":"TSStatic","persistentId":"387c0ba1-2fe8-4f4c-86a4-61c2eaec4281","__parent":"career_garage_props","position":[917.361084,-550.58905,164.908234],"collisionType":"None","decalType":"None","isRenderEnabled":false,"rotationMatrix":[-0.500000119,-0.866025269,0,0.866025269,-0.500000119,0,0,0,1],"shapeName":"/art/shapes/garage_and_dealership/Clutter/plastic_bucket.DAE","useInstanceRenderData":true}
{"class":"TSStatic","persistentId":"0cee2ed2-f94a-445b-a58d-61a28669bb02","__parent":"career_garage_props","position":[903.173767,-537.488159,163.645599],"isRenderEnabled":false,"rotationMatrix":[-0.573576808,0.819151998,0,-0.819151998,-0.573576808,0,0,0,1],"shapeName":"/art/shapes/garage_and_dealership/Clutter/italy_clutter_metal_bin_small.DAE","useInstanceRenderData":true}
{"class":"TSStatic","persistentId":"84a8ba3b-8e5d-4025-b1f5-9d2172d43e73","__parent":"career_garage_props","position":[917.356995,-550.59668,163.950089],"isRenderEnabled":false,"rotationMatrix":[-0.0871556997,0.99619472,0,-0.99619472,-0.0871556997,0,0,0,1],"shapeName":"/art/shapes/garage_and_dealership/Clutter/debris_m_can_b.DAE","useInstanceRenderData":true}
{"class":"TSStatic","persistentId":"f7a9238c-4092-42c3-b67b-f701d6e24449","__parent":"career_garage_props","position":[917.469604,-550.842529,163.949463],"collisionType":"None","decalType":"None","isRenderEnabled":false,"scale":[0.691552758,0.691552758,0.691552758],"shapeName":"/art/shapes/garage_and_dealership/Clutter/clutter_workshop_white_bucket.dae","useInstanceRenderData":true}
{"class":"TSStatic","persistentId":"36391272-c599-48ba-a0aa-d2aa314b4362","__parent":"career_garage_props","position":[917.276489,-551.313171,164.426422],"collisionType":"None","decalType":"None","isRenderEnabled":false,"rotationMatrix":[0.57357657,-0.819151819,0,0.819151819,0.57357657,0,0,0,1],"scale":[0.692041039,0.692041039,0.692041039],"shapeName":"/art/shapes/garage_and_dealership/Clutter/clutter_workshop_white_bottle.dae","useInstanceRenderData":true}
{"class":"TSStatic","persistentId":"2b078e4f-1650-4382-b8b9-988a4f008f26","__parent":"career_garage_props","position":[917.27533,-551.201233,164.426422],"collisionType":"None","decalType":"None","isRenderEnabled":false,"rotationMatrix":[0.0871555805,-0.996194541,0,0.996194541,0.0871555805,0,0,0,1],"scale":[0.692041039,0.692041039,0.692041039],"shapeName":"/art/shapes/garage_and_dealership/Clutter/clutter_workshop_white_bottle.dae","useInstanceRenderData":true}
{"class":"TSStatic","persistentId":"7532aef1-23a5-4d2f-b8e6-ac3b8bdfcf26","__parent":"career_garage_props","position":[917.39447,-551.125549,164.426422],"collisionType":"None","decalType":"None","isRenderEnabled":false,"rotationMatrix":[-0.258818984,-0.965925694,0,0.965925694,-0.258818984,0,0,0,1],"scale":[0.692041039,0.692041039,0.692041039],"shapeName":"/art/shapes/garage_and_dealership/Clutter/clutter_workshop_white_bottle.dae","useInstanceRenderData":true}
{"class":"TSStatic","persistentId":"b538d4dc-2549-4eaf-8abb-894ce85b5b77","__parent":"career_garage_props","position":[917.398438,-551.261475,164.426422],"collisionType":"None","decalType":"None","isRenderEnabled":false,"rotationMatrix":[0.0871555805,-0.996194541,0,0.996194541,0.0871555805,0,0,0,1],"scale":[0.692041039,0.692041039,0.692041039],"shapeName":"/art/shapes/garage_and_dealership/Clutter/clutter_workshop_white_bottle.dae","useInstanceRenderData":true}
{"class":"TSStatic","persistentId":"44fb325a-4c5a-402b-bc1e-a2f61922b31a","__parent":"career_garage_props","position":[917.418823,-551.426636,164.426422],"collisionType":"None","decalType":"None","isRenderEnabled":false,"rotationMatrix":[0.0871555805,-0.996194541,0,0.996194541,0.0871555805,0,0,0,1],"scale":[0.692041039,0.692041039,0.692041039],"shapeName":"/art/shapes/garage_and_dealership/Clutter/clutter_workshop_white_bottle.dae","useInstanceRenderData":true}
{"class":"TSStatic","persistentId":"e5418756-911c-43d0-9092-9ad5e5403a94","__parent":"career_garage_props","position":[917.271057,-551.050598,164.426422],"collisionType":"None","decalType":"None","isRenderEnabled":false,"rotationMatrix":[-0.939692497,-0.342019916,0,0.342019916,-0.939692497,0,0,0,1],"scale":[0.692041039,0.692041039,0.692041039],"shapeName":"/art/shapes/garage_and_dealership/Clutter/clutter_workshop_white_bottle.dae","useInstanceRenderData":true}
{"class":"TSStatic","persistentId":"3659de99-12f3-4e52-8cea-9b8bc7220b5e","__parent":"career_garage_props","position":[917.484985,-551.000122,164.426422],"collisionType":"None","decalType":"None","isRenderEnabled":false,"rotationMatrix":[0.0871555805,-0.996194541,0,0.996194541,0.0871555805,0,0,0,1],"scale":[0.692041039,0.692041039,0.692041039],"shapeName":"/art/shapes/garage_and_dealership/Clutter/clutter_workshop_white_bottle.dae","useInstanceRenderData":true}
{"class":"TSStatic","persistentId":"6ae2137a-52ae-453d-b0b2-587dc14ffa28","__parent":"career_garage_props","position":[917.279297,-550.743591,164.428528],"collisionType":"None","decalType":"None","isRenderEnabled":false,"rotationMatrix":[0.17364794,0.984807849,0,-0.984807849,0.17364794,0,0,0,1],"shapeName":"/art/shapes/garage_and_dealership/Clutter/clutter_workshop_black_oil.dae","useInstanceRenderData":true}
{"class":"TSStatic","persistentId":"ca825e21-8f28-4b66-8d66-6f26ac7adc92","__parent":"career_garage_props","position":[917.415771,-550.74585,164.428528],"collisionType":"None","decalType":"None","isRenderEnabled":false,"rotationMatrix":[0.17364794,0.984807849,0,-0.984807849,0.17364794,0,0,0,1],"shapeName":"/art/shapes/garage_and_dealership/Clutter/clutter_workshop_black_oil.dae","useInstanceRenderData":true}
{"class":"TSStatic","persistentId":"9a5c44de-b674-4886-b0fa-eed2f37b1ca1","__parent":"career_garage_props","position":[917.533936,-550.568909,164.428528],"collisionType":"None","decalType":"None","isRenderEnabled":false,"rotationMatrix":[0.17364794,0.984807849,0,-0.984807849,0.17364794,0,0,0,1],"shapeName":"/art/shapes/garage_and_dealership/Clutter/clutter_workshop_black_oil.dae","useInstanceRenderData":true}
{"class":"TSStatic","persistentId":"321af1ea-d303-4a01-80dd-46493c5bb4df","__parent":"career_garage_props","position":[917.384399,-550.542053,164.428528],"collisionType":"None","decalType":"None","isRenderEnabled":false,"rotationMatrix":[0.17364794,0.984807849,0,-0.984807849,0.17364794,0,0,0,1],"shapeName":"/art/shapes/garage_and_dealership/Clutter/clutter_workshop_black_oil.dae","useInstanceRenderData":true}
{"class":"TSStatic","persistentId":"19a9a4c5-8da0-440b-a594-e8f667382230","__parent":"career_garage_props","position":[917.253784,-550.561218,164.428528],"collisionType":"None","decalType":"None","isRenderEnabled":false,"rotationMatrix":[0.17364794,0.984807849,0,-0.984807849,0.17364794,0,0,0,1],"shapeName":"/art/shapes/garage_and_dealership/Clutter/clutter_workshop_black_oil.dae","useInstanceRenderData":true}
{"class":"TSStatic","persistentId":"e80140ea-6b89-48a4-bf4b-004f3dc2d57e","__parent":"career_garage_props","position":[913.601868,-552.827942,164.460739],"isRenderEnabled":false,"rotationMatrix":[0.17364794,0.984807849,0,-0.984807849,0.17364794,0,0,0,1],"scale":[0.80507803,0.80507803,0.80507803],"shapeName":"/art/shapes/garage_and_dealership/Clutter/cbbox_medium_dirt.DAE","useInstanceRenderData":true}
{"class":"TSStatic","persistentId":"7a80aedd-9389-4464-94c6-e6411cb69fa2","__parent":"career_garage_props","position":[913.114014,-552.515686,164.461441],"collisionType":"None","decalType":"None","isRenderEnabled":false,"rotationMatrix":[0.42261821,0.906307757,0,-0.906307757,0.42261821,0,0,0,1],"shapeName":"/art/shapes/garage_and_dealership/garage/s_wrench_01.dae","useInstanceRenderData":true}
{"class":"TSStatic","persistentId":"42ff9a57-aad5-483d-93ce-f46279e1bf07","__parent":"career_garage_props","position":[912.790405,-552.671692,164.461441],"collisionType":"None","decalType":"None","isRenderEnabled":false,"rotationMatrix":[0.866025388,0.5,0,-0.5,0.866025388,0,0,0,1],"shapeName":"/art/shapes/garage_and_dealership/garage/s_wrench_02.dae","useInstanceRenderData":true}
{"class":"TSStatic","persistentId":"2bb78642-179c-4f21-9158-7f7bdb94849c","__parent":"career_garage_props","position":[913.126831,-552.620483,164.461426],"collisionType":"None","decalType":"None","isRenderEnabled":false,"rotationMatrix":[0.258818924,0.965925813,0,-0.965925813,0.258818924,0,0,0,1],"shapeName":"/art/shapes/garage_and_dealership/garage/s_wrench_03.dae","useInstanceRenderData":true}
{"class":"TSStatic","persistentId":"5d4579eb-7eb3-4f53-8430-a5875a731e2b","__parent":"career_garage_props","position":[913.006958,-552.885437,164.461426],"collisionType":"None","decalType":"None","isRenderEnabled":false,"shapeName":"/art/shapes/garage_and_dealership/garage/s_wrench_04.dae","useInstanceRenderData":true}
{"class":"TSStatic","persistentId":"e3e9c6b3-933d-49d5-bd9b-4a3c7a3d3a06","__parent":"career_garage_props","position":[901.85498,-534.291199,163.645584],"isRenderEnabled":false,"rotationMatrix":[0.992081821,-0.125592977,0,0.125592977,0.992081821,0,0,0,1],"shapeName":"/art/shapes/garage_and_dealership/garage/s_office_bench.dae","useInstanceRenderData":true}
{"class":"TSStatic","persistentId":"63f95669-ed1d-4b85-90ff-b5d2db35bb88","__parent":"career_garage_props","position":[903.129272,-534.452454,163.645584],"isRenderEnabled":false,"rotationMatrix":[0.992081821,-0.125592977,0,0.125592977,0.992081821,0,0,0,1],"shapeName":"/art/shapes/garage_and_dealership/garage/s_office_bench.dae","useInstanceRenderData":true}
{"class":"TSStatic","persistentId":"06343df9-3b12-49c1-9bac-e623e415359e","__parent":"career_garage_props","position":[904.416504,-534.615417,163.645584],"isRenderEnabled":false,"rotationMatrix":[0.992081821,-0.125592977,0,0.125592977,0.992081821,0,0,0,1],"shapeName":"/art/shapes/garage_and_dealership/garage/s_office_bench.dae","useInstanceRenderData":true}
{"class":"TSStatic","persistentId":"5a0e028b-b664-40b7-acac-34142dab7563","__parent":"career_garage_props","position":[901.03949,-539.418823,163.645584],"isRenderEnabled":false,"rotationMatrix":[-0.992081642,0.125592649,0,-0.125592649,-0.992081642,0,0,0,1],"shapeName":"/art/shapes/garage_and_dealership/garage/s_document_drawer.dae","useInstanceRenderData":true}
{"class":"TSStatic","persistentId":"252ff925-3add-42a7-ae39-4546b96a2248","__parent":"career_garage_props","position":[900.51355,-539.352295,163.645584],"isRenderEnabled":false,"rotationMatrix":[-0.992081642,0.125592649,0,-0.125592649,-0.992081642,0,0,0,1],"shapeName":"/art/shapes/garage_and_dealership/garage/s_document_drawer.dae","useInstanceRenderData":true}
{"class":"TSStatic","persistentId":"1cf72148-4946-429c-ba14-fe94d22ee2d4","__parent":"career_garage_props","position":[910.125244,-552.328003,163.645599],"isRenderEnabled":false,"rotationMatrix":[-0.992081642,0.125592574,0,-0.125592574,-0.992081642,0,0,0,1],"shapeName":"/art/shapes/garage_and_dealership/garage/s_garage_workbench_01.dae","useInstanceRenderData":true}
{"class":"TSStatic","persistentId":"9171d3c5-af4a-446e-85ba-e7a8e8f71b2c","__parent":"career_garage_props","position":[908.740601,-552.159546,163.645569],"isRenderEnabled":false,"rotationMatrix":[-0.992081642,0.125592574,0,-0.125592574,-0.992081642,0,0,0,1],"shapeName":"/art/shapes/garage_and_dealership/garage/s_garage_workbench_02.dae","useInstanceRenderData":true}
{"class":"TSStatic","persistentId":"d9245789-5fa4-429d-86e3-cd9792c2be71","__parent":"career_garage_props","position":[911.506897,-552.509827,163.645569],"isRenderEnabled":false,"rotationMatrix":[-0.992081642,0.125592574,0,-0.125592574,-0.992081642,0,0,0,1],"shapeName":"/art/shapes/garage_and_dealership/garage/s_garage_workbench_02.dae","useInstanceRenderData":true}
{"class":"TSStatic","persistentId":"e25f2033-03ee-4fe5-9825-0a7c6a27dcc2","__parent":"career_garage_props","position":[913.135742,-552.716003,163.645599],"isRenderEnabled":false,"rotationMatrix":[-0.992081642,0.125592574,0,-0.125592574,-0.992081642,0,0,0,1],"shapeName":"/art/shapes/garage_and_dealership/garage/s_garage_workbench_02.dae","useInstanceRenderData":true}
{"class":"TSStatic","persistentId":"84841706-4bc3-4dc1-a5a5-d8a4c761b2ad","__parent":"career_garage_props","position":[901.105164,-551.000977,163.66185],"isRenderEnabled":false,"rotationMatrix":[0.966933131,-0.255030125,0,0.255030125,0.966933131,0,0,0,1],"shapeName":"/art/shapes/garage_and_dealership/Clutter/metal_drum_a.DAE","useInstanceRenderData":true}
{"class":"TSStatic","persistentId":"a8da66fe-1b22-4b80-901c-81a6b539837c","__parent":"career_garage_props","position":[908.280396,-537.757324,164.709808],"collisionType":"None","decalType":"None","isRenderEnabled":false,"rotationMatrix":[0.99619472,-0.0871553198,0,0.0871553198,0.99619472,0,0,0,1],"shapeName":"/art/shapes/garage_and_dealership/garage/s_wrench_01.dae","useInstanceRenderData":true}
{"class":"TSStatic","persistentId":"e2752ea0-b6cf-475a-8a1c-494c769e2e84","__parent":"career_garage_props","position":[908.331116,-537.842773,164.710007],"collisionType":"None","decalType":"None","isRenderEnabled":false,"rotationMatrix":[0.866025507,-0.499999732,0,0.499999732,0.866025507,0,0,0,1],"shapeName":"/art/shapes/garage_and_dealership/garage/s_wrench_03.dae","useInstanceRenderData":true}
{"class":"TSStatic","persistentId":"e7327875-ce63-4b2c-b3f9-9ebffb5ce106","__parent":"career_garage_props","position":[908.640808,-535.230469,164.659134],"isRenderEnabled":false,"rotationMatrix":[0.996194661,0.0871559083,0,-0.0871559083,0.996194661,0,0,0,1],"shapeName":"/art/shapes/garage_and_dealership/garage/s_wrench_04.dae","useInstanceRenderData":true}
{"class":"TSStatic","persistentId":"7509b3d7-8108-4786-9bd9-a7ab6ad0c20c","__parent":"career_garage_props","position":[917.935974,-549.113098,165.26944],"isRenderEnabled":false,"rotationMatrix":[-0.12559247,-0.992081881,0,0.992081881,-0.12559247,0,0,0,1],"shapeName":"/art/shapes/garage_and_dealership/garage/s_wooden_shelf_02.dae","useInstanceRenderData":true}
{"class":"TSStatic","persistentId":"39392d3b-6ad2-43fb-a54f-cbe7795f24a8","__parent":"career_garage_props","position":[917.653442,-551.344849,165.26944],"isRenderEnabled":false,"rotationMatrix":[-0.12559247,-0.992081881,0,0.992081881,-0.12559247,0,0,0,1],"shapeName":"/art/shapes/garage_and_dealership/garage/s_wooden_shelf_02.dae","useInstanceRenderData":true}
{"class":"TSStatic","persistentId":"f09d2c61-17b2-4f0c-8505-1e7f566d6a84","__parent":"career_garage_props","position":[908.043274,-537.125,164.948395],"isRenderEnabled":false,"rotationMatrix":[0.0410052538,0.0856063962,-0.995485008,0.114770651,0.98932445,0.0898042023,0.992545545,-0.117934898,0.0307424068],"shapeName":"/art/shapes/garage_and_dealership/garage/s_ducktape.dae","useInstanceRenderData":true}
{"class":"TSStatic","persistentId":"0bd807ac-2a7c-441d-94d6-aa9768ecea30","__parent":"career_garage_props","position":[908.043274,-537.125,165.042908],"isRenderEnabled":false,"rotationMatrix":[-0.0866880417,-0.860453725,-0.502100289,0.085667938,0.495692194,-0.864262938,0.992545426,-0.117935032,0.0307426453],"scale":[0.747733474,0.747733474,1],"shapeName":"/art/shapes/garage_and_dealership/garage/s_ducktape.dae","useInstanceRenderData":true}
{"class":"TSStatic","persistentId":"ae41d497-0d21-4404-9eab-53189236ef11","__parent":"career_garage_props","position":[917.382202,-551.287476,163.645599],"isRenderEnabled":false,"rotationMatrix":[0.125592917,0.992081881,0,-0.992081881,0.125592917,0,0,0,1],"shapeName":"/art/shapes/garage_and_dealership/garage/s_metal_shelf_01.dae","useInstanceRenderData":true}
{"class":"TSStatic","persistentId":"a6d98446-8eb7-4f45-b037-da63dfe7c3e2","__parent":"career_garage_props","position":[902.567444,-538.386292,163.645599],"isRenderEnabled":false,"rotationMatrix":[-0.992081404,0.125593543,0,-0.125593543,-0.992081404,0,0,0,1],"shapeName":"/art/shapes/garage_and_dealership/garage/s_office_desk.dae","useInstanceRenderData":true}
{"class":"TSStatic","persistentId":"b6171943-d09b-41dc-b4c7-a5b88fc4ce2a","__parent":"career_garage_props","position":[901.095581,-537.427612,163.645584],"isRenderEnabled":false,"rotationMatrix":[-3.57627869e-07,-0.999999881,0,0.999999881,-3.57627869e-07,0,0,0,1],"shapeName":"/art/shapes/garage_and_dealership/garage/s_metal_stool.dae","useInstanceRenderData":true}
{"class":"TSStatic","persistentId":"e3cef709-c01d-4c6d-8e9b-0952e95521aa","__parent":"career_garage_props","position":[907.879883,-537.718384,166.556717],"isRenderEnabled":false,"rotationMatrix":[0.125592917,0.992081881,0,-0.992081881,0.125592917,0,0,0,1],"shapeName":"/art/shapes/garage_and_dealership/garage/s_wooden_shelf_01.dae","useInstanceRenderData":true}
{"class":"TSStatic","persistentId":"bfcd0348-f587-49ce-ba4b-48bbdb93787a","__parent":"career_garage_props","position":[908.360413,-537.518982,164.712662],"isRenderEnabled":false,"rotationMatrix":[0.258818924,0.965925813,0,-0.965925813,0.258818924,0,0,0,1],"shapeName":"/art/shapes/garage_and_dealership/garage/s_laptop.dae","useInstanceRenderData":true}
{"class":"TSStatic","persistentId":"e8988483-c879-42fb-9a31-3ed4e44cda37","__parent":"career_garage_props","position":[908.300659,-537.125671,163.645599],"isRenderEnabled":false,"rotationMatrix":[0.120567977,0.992705166,0,-0.992705166,0.120567977,0,0,0,1],"shapeName":"/art/shapes/garage_and_dealership/garage/s_big_toolbox_01.dae","useInstanceRenderData":true}
{"class":"TSStatic","persistentId":"420cd801-d6ad-43e5-a857-c4e134c69114","__parent":"career_garage_props","position":[911.738159,-552.553589,163.875565],"collisionType":"None","decalType":"None","isRenderEnabled":false,"rotationMatrix":[-0.999999762,1.47027407e-07,0,-1.47027407e-07,-0.999999762,0,0,0,1],"shapeName":"/art/shapes/garage_and_dealership/garage/s_small_toolbox_01.dae","useInstanceRenderData":true}
{"class":"TSStatic","persistentId":"b15ce454-2026-4559-924e-7ecda6fe5cfc","__parent":"career_garage_props","position":[906.576538,-540.930908,164.46077],"isRenderEnabled":false,"rotationMatrix":[-0.389335513,-0.921096146,0,0.921096146,-0.389335513,0,0,0,1],"shapeName":"/art/shapes/garage_and_dealership/garage/s_small_toolbox_02.dae","useInstanceRenderData":true}
{"class":"TSStatic","persistentId":"59237d02-b0dc-4dfa-a8bc-ba7e6ee3f2b0","__parent":"career_garage_props","position":[907.973633,-537.690186,165.028519],"collisionType":"None","decalType":"None","isRenderEnabled":false,"rotationMatrix":[0.120568037,0.992705226,4.17232513e-07,-2.98023224e-07,-5.96046448e-07,1.00000024,0.992705226,-0.120568216,5.96046448e-08],"shapeName":"/art/shapes/garage_and_dealership/garage/s_wrench_collection.dae","useInstanceRenderData":true}
{"class":"TSStatic","persistentId":"7edc8885-eb4b-43c5-8686-dc19aa83ac0e","__parent":"career_garage_props","position":[897.302063,-549.612854,166.322433],"isRenderEnabled":false,"rotationMatrix":[0.125592917,0.992081881,0,-0.992081881,0.125592917,0,0,0,1],"shapeName":"/art/shapes/garage_and_dealership/garage/s_tire_rack_hang.dae","useInstanceRenderData":true}
{"class":"TSStatic","persistentId":"8af26ed8-f0c9-4f80-a45c-cd2de40a9389","__parent":"career_garage_props","position":[908.52063,-535.812561,163.644302],"isRenderEnabled":false,"rotationMatrix":[0.984807849,-0.173647672,0,0.173647672,0.984807849,0,0,0,1],"shapeName":"/art/shapes/garage_and_dealership/garage/s_portable_stair_small_01.dae","useInstanceRenderData":true}
{"class":"TSStatic","persistentId":"f724eff3-4950-4ee6-885c-fa5922eb42a6","__parent":"career_garage_props","position":[902.740173,-540.946899,163.636719],"isRenderEnabled":false,"rotationMatrix":[-0.127181768,-0.976587355,0.173497915,0.991763771,-0.127875328,0.00722078979,0.0151344091,0.172987327,0.984807789],"shapeName":"/art/shapes/garage_and_dealership/garage/s_portable_stair_small_02.dae","useInstanceRenderData":true}
{"class":"TSStatic","persistentId":"9d393de8-b7b0-4f9d-9067-cfb586c08146","__parent":"career_garage_props","position":[897.770813,-549.389587,163.645599],"isRenderEnabled":false,"rotationMatrix":[0.125592917,0.992081881,0,-0.992081881,0.125592917,0,0,0,1],"shapeName":"/art/shapes/garage_and_dealership/garage/s_tire_rack.dae","useInstanceRenderData":true}
{"class":"TSStatic","persistentId":"3153bb18-349e-4c99-88b4-500c4078e587","__parent":"career_garage_props","position":[907.207458,-541.348511,163.64856],"isRenderEnabled":false,"rotationMatrix":[-0.993698359,-0.112090856,0,0.112090856,-0.993698359,0,0,0,1],"shapeName":"/art/shapes/garage_and_dealership/garage/s_compressor_01.dae","useInstanceRenderData":true}
{"class":"TSStatic","persistentId":"ed036310-0beb-4940-9c32-7ce8bd8b3ebf","__parent":"career_garage_props","position":[908.566956,-535.0849,163.645599],"isRenderEnabled":false,"rotationMatrix":[0.573575497,0.819152653,0,-0.819152653,0.573575497,0,0,0,1],"shapeName":"/art/shapes/garage_and_dealership/garage/s_big_toolbox_02.dae","useInstanceRenderData":true}
{"class":"TSStatic","persistentId":"7365f08d-49a0-4ab7-9112-80fb367bdbd3","__parent":"career_garage_props","position":[899.129578,-540.382874,163.646606],"isRenderEnabled":false,"rotationMatrix":[0.758661509,-0.651485205,0,0.651485205,0.758661509,0,0,0,1],"shapeName":"/art/shapes/garage_and_dealership/Clutter/cbbox_large_dirt.DAE","useInstanceRenderData":true}
{"class":"TSStatic","persistentId":"961d267e-dde2-488e-8ac1-0214a7970515","__parent":"career_garage_props","position":[908.179871,-537.968567,166.969696],"isRenderEnabled":false,"rotationMatrix":[-0.999999762,3.25841341e-07,0,-3.25841341e-07,-0.999999762,0,0,0,1],"shapeName":"/art/shapes/garage_and_dealership/Clutter/cbbox_medium_dirt.DAE","useInstanceRenderData":true}
{"class":"TSStatic","persistentId":"cca6e776-3c63-446c-91a1-6dd6586ba956","__parent":"career_garage_props","position":[908.233521,-537.359558,166.571518],"isRenderEnabled":false,"rotationMatrix":[-0.996194482,0.0871560574,0,-0.0871560574,-0.996194482,0,0,0,1],"shapeName":"/art/shapes/garage_and_dealership/Clutter/cbbox_new_a.DAE","useInstanceRenderData":true}
{"class":"TSStatic","persistentId":"8385e1b0-c667-4cf7-a502-2760800efad0","__parent":"career_garage_props","position":[908.098816,-538.176025,166.570923],"isRenderEnabled":false,"rotationMatrix":[0.99619472,-0.087155655,0,0.087155655,0.99619472,0,0,0,1],"shapeName":"/art/shapes/garage_and_dealership/Clutter/cbbox_new_b.DAE","useInstanceRenderData":true}
{"class":"TSStatic","persistentId":"79df8694-bd09-419d-9cfe-4843685a023c","__parent":"career_garage_props","position":[908.531555,-534.935791,166.570648],"isRenderEnabled":false,"rotationMatrix":[0.707107186,0.707106411,0,-0.707106411,0.707107186,0,0,0,1],"shapeName":"/art/shapes/garage_and_dealership/Clutter/cbbox_small_dirt.DAE","useInstanceRenderData":true}
{"class":"TSStatic","persistentId":"276dd587-2981-4db2-98c3-493a9ce2876f","__parent":"career_garage_props","position":[918.367188,-541.273987,163.646454],"isRenderEnabled":false,"rotationMatrix":[-0.999999762,3.25841341e-07,0,-3.25841341e-07,-0.999999762,0,0,0,1],"shapeName":"/art/shapes/garage_and_dealership/Clutter/clutter_barrels_red.dae","useInstanceRenderData":true}
{"class":"TSStatic","persistentId":"6832ad0f-d27e-4ba0-84f0-1a4d37df1114","__parent":"career_garage_props","position":[905.779358,-540.622498,164.461685],"collisionType":"None","decalType":"None","isRenderEnabled":false,"rotationMatrix":[-0.996194243,0.0871558115,0,-0.0871558115,-0.996194243,0,0,0,1],"scale":[0.76777339,0.76777339,0.76777339],"shapeName":"/art/shapes/garage_and_dealership/Clutter/clutter_workshop_black_oil.dae","useInstanceRenderData":true}
{"class":"TSStatic","persistentId":"59b052de-5c62-4508-a8eb-9649777fcc3d","__parent":"career_garage_props","position":[910.395203,-532.534973,163.680939],"isRenderEnabled":false,"rotationMatrix":[0.996194661,-0.0871563703,-9.31322575e-10,0.0841865838,0.962250113,-0.258819014,0.022557728,0.257834107,0.965925813],"shapeName":"/art/shapes/garage_and_dealership/Clutter/clutter_workshop_broom.dae","useInstanceRenderData":true}
{"class":"TSStatic","persistentId":"c29c6fd3-4ce1-4e6f-bb58-6607b52ceecb","__parent":"career_garage_props","position":[907.658691,-540.465637,163.645599],"isRenderEnabled":false,"rotationMatrix":[0.173649013,0.984807491,0,-0.984807491,0.173649013,0,0,0,1],"scale":[1.23623037,1.23623037,1.23623037],"shapeName":"/art/shapes/garage_and_dealership/Clutter/clutter_workshop_fire_extinguisher.dae","useInstanceRenderData":true}
{"class":"TSStatic","persistentId":"48d07b61-e3f1-44c7-96c4-b38f28646d1c","__parent":"career_garage_props","position":[907.842712,-551.851929,163.645584],"isRenderEnabled":false,"rotationMatrix":[0.0871568322,0.996194422,0,-0.996194422,0.0871568322,0,0,0,1],"shapeName":"/art/shapes/garage_and_dealership/Clutter/clutter_workshop_green_can.dae","useInstanceRenderData":true}
{"class":"TSStatic","persistentId":"efd481f9-f4f0-4b14-8074-259a210501ad","__parent":"career_garage_props","position":[914.626831,-552.332764,163.65564],"isRenderEnabled":false,"rotationMatrix":[0.965925932,0.258818597,0,-0.258818597,0.965925932,0,0,0,1],"shapeName":"/art/shapes/garage_and_dealership/Clutter/clutter_workshop_hand_dolly.dae","useInstanceRenderData":true}
{"class":"TSStatic","persistentId":"b37ee774-c017-4b92-8f0f-d30d8cd4bb0c","__parent":"career_garage_props","position":[905.475769,-551.343323,163.653687],"isRenderEnabled":false,"rotationMatrix":[0.965925992,0.258818418,0,-0.258818418,0.965925992,0,0,0,1],"shapeName":"/art/shapes/garage_and_dealership/Clutter/clutter_workshop_hand_truck.dae","useInstanceRenderData":true}
{"class":"TSStatic","persistentId":"56b95139-1676-441a-a5e8-33d53c3acce0","__parent":"career_garage_props","position":[905.441284,-540.849548,164.460678],"collisionType":"None","decalType":"None","isRenderEnabled":false,"rotationMatrix":[0.81915164,-0.573576927,0,0.573576927,0.81915164,0,0,0,1],"scale":[0.602539301,0.602539301,0.602539301],"shapeName":"/art/shapes/garage_and_dealership/Clutter/clutter_workshop_short_bottle.dae","useInstanceRenderData":true}
{"class":"TSStatic","persistentId":"2989f662-d784-46f6-90f0-d5ec4dd4adb1","__parent":"career_garage_props","position":[909.120728,-552.185059,163.876343],"collisionType":"None","decalType":"None","isRenderEnabled":false,"rotationMatrix":[-0.999999762,3.25841341e-07,0,-3.25841341e-07,-0.999999762,0,0,0,1],"shapeName":"/art/shapes/garage_and_dealership/Clutter/clutter_workshop_toolbox.dae","useInstanceRenderData":true}
{"class":"TSStatic","persistentId":"057a2ac4-987d-4e8b-86ae-476fa81df795","__parent":"career_garage_props","position":[905.641907,-540.704224,163.87204],"collisionType":"None","decalType":"None","isRenderEnabled":false,"rotationMatrix":[-0.152298808,-0.988334239,0,0.988334239,-0.152298808,0,0,0,1],"scale":[0.727929711,0.727929711,0.727929711],"shapeName":"/art/shapes/garage_and_dealership/Clutter/clutter_workshop_white_bottle.dae","useInstanceRenderData":true}
{"class":"TSStatic","persistentId":"3d00ff34-17db-4c44-b4d8-797b0019241e","__parent":"career_garage_props","position":[919.629944,-533.816284,163.645599],"isRenderEnabled":false,"rotationMatrix":[-0.999999762,3.25841341e-07,0,-3.25841341e-07,-0.999999762,0,0,0,1],"shapeName":"/art/shapes/garage_and_dealership/Clutter/clutter_workshop_white_bucket.dae","useInstanceRenderData":true}
{"class":"TSStatic","persistentId":"b58a20a3-d66c-4f26-8429-cdbdec42d966","__parent":"career_garage_props","position":[911.161804,-533.216064,163.645599],"isRenderEnabled":false,"rotationMatrix":[-0.173649311,-0.984807312,0,0.984807312,-0.173649311,0,0,0,1],"shapeName":"/art/shapes/garage_and_dealership/Clutter/ind_clutter_mix.DAE","useInstanceRenderData":true}
{"class":"TSStatic","persistentId":"4ba2685b-16de-4cc0-8582-77ba5c2fa7ae","__parent":"career_garage_props","position":[916.219666,-552.767212,163.645599],"isRenderEnabled":false,"shapeName":"/art/shapes/garage_and_dealership/Clutter/ind_pallet_cans.DAE","useInstanceRenderData":true}
{"class":"TSStatic","persistentId":"5a2262ea-9130-4cea-910d-b4cdd8eeb342","__parent":"career_garage_props","position":[918.566711,-540.27533,163.645599],"isRenderEnabled":false,"rotationMatrix":[0.0871565342,0.996194601,0,-0.996194601,0.0871565342,0,0,0,1],"shapeName":"/art/shapes/garage_and_dealership/Clutter/ind_pallet_cardboard.DAE","useInstanceRenderData":true}
{"class":"TSStatic","persistentId":"d38d4338-8684-460a-9f67-2b092ce7f786","__parent":"career_garage_props","position":[897.913452,-550.650513,163.645599],"isRenderEnabled":false,"rotationMatrix":[-0.999999762,3.25841341e-07,0,-3.25841341e-07,-0.999999762,0,0,0,1],"shapeName":"/art/shapes/garage_and_dealership/Clutter/metal_drum_old_a.DAE","useInstanceRenderData":true}
{"class":"TSStatic","persistentId":"9434701c-b44d-4550-9ec1-0f1897a1cb78","__parent":"career_garage_props","position":[918.858765,-539.117249,163.645599],"isRenderEnabled":false,"rotationMatrix":[0.965925992,0.258818358,0,-0.258818358,0.965925992,0,0,0,1],"shapeName":"/art/shapes/garage_and_dealership/Clutter/metal_drum_old_b.DAE","useInstanceRenderData":true}
{"class":"TSStatic","persistentId":"1f47d58e-301a-4427-9417-cb5ab6fa6684","__parent":"career_garage_props","position":[906.585999,-551.673767,163.64563],"isRenderEnabled":false,"rotationMatrix":[0.984807849,-0.173647776,0,0.173647776,0.984807849,0,0,0,1],"shapeName":"/art/shapes/garage_and_dealership/Clutter/pallet_stack.DAE","useInstanceRenderData":true}
{"class":"TSStatic","persistentId":"102cd1db-b172-4b7b-ab0d-523d48d8f56e","__parent":"career_garage_props","position":[897.781494,-549.125671,163.645584],"collisionType":"None","decalType":"None","isRenderEnabled":false,"rotationMatrix":[-0.999999762,3.25841341e-07,0,-3.25841341e-07,-0.999999762,0,0,0,1],"shapeName":"/art/shapes/garage_and_dealership/Clutter/plastic_bucket.DAE","useInstanceRenderData":true}
{"class":"TSStatic","persistentId":"5d80f962-8deb-4553-8e23-5394a7feb092","__parent":"career_garage_props","position":[905.328674,-541.268372,163.645599],"isRenderEnabled":false,"rotationMatrix":[-0.996194482,0.0871566385,0,-0.0871566385,-0.996194482,0,0,0,1],"shapeName":"/art/shapes/garage_and_dealership/Clutter/plastic_can_big.DAE","useInstanceRenderData":true}
{"class":"TSStatic","persistentId":"821bb436-7cce-4862-8ed3-657d0d500254","__parent":"career_garage_props","position":[904.417114,-540.659546,163.877396],"collisionType":"None","decalType":"None","isRenderEnabled":false,"rotationMatrix":[0.996194601,-0.0871571749,0,0.0871571749,0.996194601,0,0,0,1],"shapeName":"/art/shapes/garage_and_dealership/Clutter/plastic_can_small.DAE","useInstanceRenderData":true}
{"class":"TSStatic","persistentId":"cbe21902-4c77-4fcc-a260-ffe609de61b2","__parent":"career_garage_props","position":[908.103027,-535.955688,166.556717],"isRenderEnabled":false,"rotationMatrix":[0.125592917,0.992081881,0,-0.992081881,0.125592917,0,0,0,1],"shapeName":"/art/shapes/garage_and_dealership/garage/s_wooden_shelf_01.dae","useInstanceRenderData":true}
{"class":"TSStatic","persistentId":"9678ea67-f019-48eb-9183-ba708b9815d8","__parent":"career_garage_props","position":[908.326111,-534.193359,166.556717],"isRenderEnabled":false,"rotationMatrix":[0.125592917,0.992081881,0,-0.992081881,0.125592917,0,0,0,1],"shapeName":"/art/shapes/garage_and_dealership/garage/s_wooden_shelf_01.dae","useInstanceRenderData":true}
{"class":"TSStatic","persistentId":"7524f90e-ba10-4e57-a154-64041a4dd2eb","__parent":"career_garage_props","position":[901.056519,-540.00177,166.558105],"isRenderEnabled":false,"rotationMatrix":[0.992081881,-0.125592887,0,0.125592887,0.992081881,0,0,0,1],"shapeName":"/art/shapes/garage_and_dealership/garage/s_tire_rack_hang.dae","useInstanceRenderData":true}
{"class":"TSStatic","persistentId":"6b2d6019-657d-4ec1-9f27-4c43a6ea1d0b","__parent":"career_garage_props","position":[902.828308,-540.226074,166.558105],"isRenderEnabled":false,"rotationMatrix":[0.992081881,-0.125592887,0,0.125592887,0.992081881,0,0,0,1],"shapeName":"/art/shapes/garage_and_dealership/garage/s_tire_rack_hang.dae","useInstanceRenderData":true}
{"class":"TSStatic","persistentId":"d574c8b2-8e33-45a5-9aa5-208bf7d8a764","__parent":"career_garage_props","position":[908.65387,-534.208252,166.970932],"isRenderEnabled":false,"rotationMatrix":[-0.984807611,0.173648477,0,-0.173648477,-0.984807611,0,0,0,1],"shapeName":"/art/shapes/garage_and_dealership/Clutter/cbbox_new_a.DAE","useInstanceRenderData":true}
{"class":"TSStatic","persistentId":"5742ab40-357b-4199-b402-6981ec0a899d","__parent":"career_garage_props","position":[908.618286,-534.234009,166.570923],"collisionType":"None","decalType":"None","isRenderEnabled":false,"rotationMatrix":[0.99619472,-0.087155655,0,0.087155655,0.99619472,0,0,0,1],"shapeName":"/art/shapes/garage_and_dealership/Clutter/cbbox_new_b.DAE","useInstanceRenderData":true}
{"class":"TSStatic","persistentId":"94299f6d-afcc-4f21-b290-3ca6e2952896","__parent":"career_garage_props","position":[908.341736,-536.500854,166.570923],"isRenderEnabled":false,"rotationMatrix":[-0.999999762,-3.94880715e-07,0,3.94880715e-07,-0.999999762,0,0,0,1],"shapeName":"/art/shapes/garage_and_dealership/Clutter/cbbox_new_b.DAE","useInstanceRenderData":true}
{"class":"TSStatic","persistentId":"76989ed8-f3bb-4a17-9fd2-b7a869a89b86","__parent":"career_garage_props","position":[904.569397,-540.703308,163.877167],"collisionType":"None","decalType":"None","isRenderEnabled":false,"rotationMatrix":[-0.999902964,0.0139267929,0,-0.0139267929,-0.999902964,0,0,0,1],"shapeName":"/art/shapes/garage_and_dealership/Clutter/plastic_can_small.DAE","useInstanceRenderData":true}
{"class":"TSStatic","persistentId":"4ef206de-0641-4305-9190-04b847b1910a","__parent":"career_garage_props","position":[904.926147,-540.627808,163.876343],"collisionType":"None","decalType":"None","isRenderEnabled":false,"rotationMatrix":[-0.5,0.866025388,0,-0.866025388,-0.5,0,0,0,1],"shapeName":"/art/shapes/garage_and_dealership/Clutter/plastic_can_small.DAE","useInstanceRenderData":true}
{"class":"TSStatic","persistentId":"9aa5900f-128d-42ca-b7d5-b0861707a551","__parent":"career_garage_props","position":[904.733826,-540.636475,163.877258],"collisionType":"None","decalType":"None","isRenderEnabled":false,"rotationMatrix":[0.996194601,-0.0871571749,0,0.0871571749,0.996194601,0,0,0,1],"shapeName":"/art/shapes/garage_and_dealership/Clutter/plastic_can_small.DAE","useInstanceRenderData":true}
{"class":"TSStatic","persistentId":"3ee43509-277f-46d3-911b-9927d9b7ed1b","__parent":"career_garage_props","position":[910.638184,-552.353394,164.460098],"isRenderEnabled":false,"rotationMatrix":[0.98480767,0.173648685,0,-0.173648685,0.98480767,0,0,0,1],"shapeName":"/art/shapes/garage_and_dealership/garage/s_small_toolbox_01.dae","useInstanceRenderData":true}
{"class":"TSStatic","persistentId":"17a5916e-ea06-410b-a6ad-23b0b5b3f08f","__parent":"career_garage_props","position":[919.279785,-533.638062,163.645584],"isRenderEnabled":false,"rotationMatrix":[0.707106709,-0.707106829,0,0.707106829,0.707106709,0,0,0,1],"shapeName":"/art/shapes/garage_and_dealership/Clutter/clutter_workshop_white_bucket.dae","useInstanceRenderData":true}
{"class":"TSStatic","persistentId":"263e793a-8e36-4920-927d-8f7efc56c68c","__parent":"career_garage_props","position":[918.517029,-541.863098,163.646454],"isRenderEnabled":false,"rotationMatrix":[-0.642787695,-0.76604408,0,0.76604408,-0.642787695,0,0,0,1],"shapeName":"/art/shapes/garage_and_dealership/Clutter/clutter_barrels_red.dae","useInstanceRenderData":true}
{"class":"TSStatic","persistentId":"ec60e3b4-add7-4f28-bd09-4106e3c0d76b","__parent":"career_garage_props","position":[907.691406,-551.879028,163.645584],"collisionType":"None","decalType":"None","isRenderEnabled":false,"rotationMatrix":[0.0871568322,0.996194422,0,-0.996194422,0.0871568322,0,0,0,1],"shapeName":"/art/shapes/garage_and_dealership/Clutter/clutter_workshop_green_can.dae","useInstanceRenderData":true}
{"class":"TSStatic","persistentId":"566aaa71-0c14-4dc2-a931-343c63144f87","__parent":"career_garage_props","position":[907.366821,-551.92688,163.645584],"collisionType":"None","decalType":"None","isRenderEnabled":false,"rotationMatrix":[0.17364949,0.984807432,0,-0.984807432,0.17364949,0,0,0,1],"shapeName":"/art/shapes/garage_and_dealership/Clutter/clutter_workshop_green_can.dae","useInstanceRenderData":true}
{"class":"TSStatic","persistentId":"2c477932-0ba1-48d7-ac22-b060be8bf389","__parent":"career_garage_props","position":[907.545776,-551.814575,163.645584],"isRenderEnabled":false,"rotationMatrix":[0.0871568322,0.996194422,0,-0.996194422,0.0871568322,0,0,0,1],"shapeName":"/art/shapes/garage_and_dealership/Clutter/clutter_workshop_green_can.dae","useInstanceRenderData":true}
{"class":"TSStatic","persistentId":"895f3c36-4fbe-4b88-be51-8aec992075f4","__parent":"career_garage_props","position":[905.908997,-540.63385,164.461685],"collisionType":"None","decalType":"None","isRenderEnabled":false,"rotationMatrix":[-0.497072458,0.867709041,0,-0.867709041,-0.497072458,0,0,0,1],"scale":[0.76777339,0.76777339,0.76777339],"shapeName":"/art/shapes/garage_and_dealership/Clutter/clutter_workshop_black_oil.dae","useInstanceRenderData":true}
{"class":"TSStatic","persistentId":"fb67c468-17eb-430c-b89b-35ea6f19fa8f","__parent":"career_garage_props","position":[906.067627,-540.647644,164.461685],"collisionType":"None","decalType":"None","isRenderEnabled":false,"rotationMatrix":[-0.996194243,0.0871558115,0,-0.0871558115,-0.996194243,0,0,0,1],"scale":[0.76777339,0.76777339,0.76777339],"shapeName":"/art/shapes/garage_and_dealership/Clutter/clutter_workshop_black_oil.dae","useInstanceRenderData":true}
{"class":"TSStatic","persistentId":"a3ce32ce-bab9-4f26-9f0a-5c2e13ee8f55","__parent":"career_garage_props","position":[905.524109,-540.695679,163.87204],"collisionType":"None","decalType":"None","isRenderEnabled":false,"rotationMatrix":[-0.406749129,-0.913539886,0,0.913539886,-0.406749129,0,0,0,1],"scale":[0.727929711,0.727929711,0.727929711],"shapeName":"/art/shapes/garage_and_dealership/Clutter/clutter_workshop_white_bottle.dae","useInstanceRenderData":true}
{"class":"TSStatic","persistentId":"062675c3-a785-48c1-988b-44a53ba5a7a2","__parent":"career_garage_props","position":[905.566589,-540.831299,163.87204],"collisionType":"None","decalType":"None","isRenderEnabled":false,"rotationMatrix":[0.99619478,0.0871547759,0,-0.0871547759,0.99619478,0,0,0,1],"scale":[0.727929711,0.727929711,0.727929711],"shapeName":"/art/shapes/garage_and_dealership/Clutter/clutter_workshop_white_bottle.dae","useInstanceRenderData":true}
{"class":"TSStatic","persistentId":"f536bd45-7448-4245-a6cc-57e81b4bcc7e","__parent":"career_garage_props","position":[905.684387,-540.839844,163.87204],"collisionType":"None","decalType":"None","isRenderEnabled":false,"rotationMatrix":[-0.0455337763,0.998962581,0,-0.998962581,-0.0455337763,0,0,0,1],"scale":[0.727929711,0.727929711,0.727929711],"shapeName":"/art/shapes/garage_and_dealership/Clutter/clutter_workshop_white_bottle.dae","useInstanceRenderData":true}
{"class":"TSStatic","persistentId":"a681e7e1-f6c3-40dd-945c-7d892b0ba8b7","__parent":"career_garage_props","position":[900.884155,-550.878052,163.653687],"isRenderEnabled":false,"rotationMatrix":[0.496601164,0.867979109,0,-0.867979109,0.496601164,0,0,0,1],"shapeName":"/art/shapes/garage_and_dealership/Clutter/clutter_workshop_hand_truck.dae","useInstanceRenderData":true}
{"class":"TSStatic","persistentId":"12d9afd0-bd00-40d9-b36c-bcec84a63c7f","__parent":"career_garage_props","position":[908.285034,-536.653687,164.709854],"isRenderEnabled":false,"rotationMatrix":[-1.1920929e-07,0.999999881,0,-0.999999881,-1.1920929e-07,0,0,0,1],"shapeName":"/art/shapes/garage_and_dealership/Clutter/clutter_workshop_toolbox.dae","useInstanceRenderData":true}
{"class":"TSStatic","persistentId":"cef8493d-d88c-4f87-a22c-9860973cbc78","__parent":"career_garage_props","position":[908.369141,-537.180298,164.710495],"collisionType":"None","decalType":"None","isRenderEnabled":false,"rotationMatrix":[0.939692676,0.342019916,0,-0.342019916,0.939692676,0,0,0,1],"scale":[0.602539301,0.602539301,0.602539301],"shapeName":"/art/shapes/garage_and_dealership/Clutter/clutter_workshop_short_bottle.dae","useInstanceRenderData":true}
{"class":"TSStatic","persistentId":"7955f1ea-f994-496d-ba84-876e5bec2cb8","__parent":"career_garage_props","position":[908.392761,-536.999268,164.738983],"collisionType":"None","decalType":"None","isRenderEnabled":false,"rotationMatrix":[-2.38418579e-07,2.98023224e-08,-1.00000012,-0.342020035,0.939692676,7.4505806e-08,0.939692736,0.342020035,-2.38418579e-07],"scale":[0.602539301,0.602539301,0.602539301],"shapeName":"/art/shapes/garage_and_dealership/Clutter/clutter_workshop_short_bottle.dae","useInstanceRenderData":true}
{"class":"TSStatic","persistentId":"59c71c3e-de02-4a23-93c5-978490ea146d","__parent":"career_garage_props","position":[908.456055,-535.135864,164.659134],"isRenderEnabled":false,"rotationMatrix":[0.642788529,0.766043603,0,-0.766043603,0.642788529,0,0,0,1],"scale":[0.727929711,0.727929711,0.727929711],"shapeName":"/art/shapes/garage_and_dealership/Clutter/clutter_workshop_white_bottle.dae","useInstanceRenderData":true}
{"class":"TSStatic","persistentId":"125972cb-fb6d-4357-9e6a-65f04e5d5da2","__parent":"career_garage_props","position":[908.509521,-534.95874,164.691757],"isRenderEnabled":false,"rotationMatrix":[-0.819151759,-0.57357645,5.96046448e-08,-2.08616257e-07,2.98023224e-07,-0.999999881,0.57357651,-0.819151878,-1.1920929e-07],"scale":[0.76777339,0.76777339,0.76777339],"shapeName":"/art/shapes/garage_and_dealership/Clutter/clutter_workshop_black_oil.dae","useInstanceRenderData":true}
{"class":"TSStatic","persistentId":"e949ea17-66df-4496-ac5c-7519cb2ad792","__parent":"career_garage_props","position":[917.478027,-550.085327,166.530151],"collisionType":"None","decalType":"None","isRenderEnabled":false,"rotationMatrix":[0.99619472,-0.087155655,0,0.087155655,0.99619472,0,0,0,1],"shapeName":"/art/shapes/garage_and_dealership/Clutter/cbbox_new_b.DAE","useInstanceRenderData":true}
{"class":"TSStatic","persistentId":"f60731fd-ee59-45c1-aced-295576c3fbad","__parent":"career_garage_props","position":[917.589783,-549.270569,166.530746],"collisionType":"None","decalType":"None","isRenderEnabled":false,"rotationMatrix":[-0.996194482,0.0871560574,0,-0.0871560574,-0.996194482,0,0,0,1],"shapeName":"/art/shapes/garage_and_dealership/Clutter/cbbox_new_a.DAE","useInstanceRenderData":true}
{"class":"TSStatic","persistentId":"8a72ae6a-7464-4a4a-94c0-0212289e6afa","__parent":"career_garage_props","position":[917.71051,-548.461487,166.530151],"collisionType":"None","decalType":"None","isRenderEnabled":false,"rotationMatrix":[-0.99619472,0.0871559754,0,-0.0871559754,-0.99619472,0,0,0,1],"shapeName":"/art/shapes/garage_and_dealership/Clutter/cbbox_new_b.DAE","useInstanceRenderData":true}
{"class":"TSStatic","persistentId":"3dd97e18-febb-41c7-9863-37482d6455a8","__parent":"career_garage_props","position":[917.554199,-550.132507,166.928925],"isRenderEnabled":false,"rotationMatrix":[-0.999999762,3.25841341e-07,0,-3.25841341e-07,-0.999999762,0,0,0,1],"shapeName":"/art/shapes/garage_and_dealership/Clutter/cbbox_medium_dirt.DAE","useInstanceRenderData":true}
{"class":"TSStatic","persistentId":"17bac876-402d-455f-a3ad-660e3d7e39c8","__parent":"career_garage_props","position":[917.662537,-548.439697,166.925217],"isRenderEnabled":false,"rotationMatrix":[-0.996194482,0.0871560574,0,-0.0871560574,-0.996194482,0,0,0,1],"shapeName":"/art/shapes/garage_and_dealership/Clutter/cbbox_new_a.DAE","useInstanceRenderData":true}
{"class":"TSStatic","persistentId":"e525f8aa-043f-4704-bb75-3752f49dc0c5","__parent":"career_garage_props","position":[917.639832,-549.282471,166.930344],"isRenderEnabled":false,"rotationMatrix":[-0.996194482,0.0871553198,0,-0.0871553198,-0.996194482,0,0,0,1],"shapeName":"/art/shapes/garage_and_dealership/Clutter/cbbox_new_b.DAE","useInstanceRenderData":true}
{"class":"TSStatic","persistentId":"f4782a4f-8bc4-46a1-9d17-a19748060c1f","__parent":"career_garage_props","position":[917.37323,-551.035461,166.530151],"collisionType":"None","decalType":"None","isRenderEnabled":false,"rotationMatrix":[-0.99619472,0.0871559754,0,-0.0871559754,-0.99619472,0,0,0,1],"shapeName":"/art/shapes/garage_and_dealership/Clutter/cbbox_new_b.DAE","useInstanceRenderData":true}
{"class":"TSStatic","persistentId":"03595bc3-c91b-4a90-a353-6ee9b1f21740","__parent":"career_garage_props","position":[917.258484,-551.847107,166.530151],"isRenderEnabled":false,"rotationMatrix":[0.99619472,-0.087155655,0,0.087155655,0.99619472,0,0,0,1],"shapeName":"/art/shapes/garage_and_dealership/Clutter/cbbox_new_b.DAE","useInstanceRenderData":true}
{"class":"TSStatic","persistentId":"c9a5cb42-7d6e-416d-a0ce-ed56ebcb02df","__parent":"career_garage_props","position":[917.342773,-551.138611,166.925217],"isRenderEnabled":false,"rotationMatrix":[-0.996194482,0.0871560574,0,-0.0871560574,-0.996194482,0,0,0,1],"shapeName":"/art/shapes/garage_and_dealership/Clutter/cbbox_new_a.DAE","useInstanceRenderData":true}
{"class":"TSStatic","persistentId":"a99cea23-c916-4ca0-9e3f-dc1a3edcc7c8","__parent":"career_garage_props","position":[917.317139,-551.169739,167.323303],"isRenderEnabled":false,"rotationMatrix":[3.57627869e-07,-0.999999881,0,0.999999881,3.57627869e-07,0,0,0,1],"shapeName":"/art/shapes/garage_and_dealership/Clutter/cbbox_medium_dirt.DAE","useInstanceRenderData":true}
{"class":"TSStatic","persistentId":"91a72309-0962-4d54-9188-bf77f4b626bd","__parent":"career_garage_props","position":[908.872131,-537.007019,163.645584],"isRenderEnabled":false,"rotationMatrix":[-0.422617912,-0.906307757,0,0.906307757,-0.422617912,0,0,0,1],"scale":[1.10000002,1.10000002,1.10000002],"shapeName":"/art/shapes/garage_and_dealership/garage/s_metal_stool.dae","useInstanceRenderData":true}
{"class":"TSStatic","persistentId":"801ada20-911f-41ae-9c64-3ad0fcd40802","__parent":"career_garage_props","position":[902.186707,-537.646851,163.645584],"isRenderEnabled":false,"rotationMatrix":[-0.707106948,-0.707106352,0,0.707106352,-0.707106948,0,0,0,1],"shapeName":"/art/shapes/garage_and_dealership/garage/s_metal_stool.dae","useInstanceRenderData":true}
{"class":"TSStatic","persistentId":"297950fe-0eae-4f18-a1ba-228e2b79264e","__parent":"career_garage_props","position":[901.288269,-540.175354,165.460464],"isRenderEnabled":false,"rotationMatrix":[0.17364949,0.984807491,0,-0.984807491,0.17364949,0,0,0,1],"scale":[0.811914086,0.811914086,0.811914086],"shapeName":"/art/shapes/garage_and_dealership/Clutter/cbbox_small_dirt.DAE","useInstanceRenderData":true}
{"class":"TSStatic","persistentId":"840bdb28-94fa-4b90-9fdd-946555207274","__parent":"career_garage_props","position":[900.41333,-540.124084,165.460709],"isRenderEnabled":false,"rotationMatrix":[1,-1.19209261e-07,0,1.19209261e-07,1,0,0,0,1],"shapeName":"/art/shapes/garage_and_dealership/Clutter/clutter_workshop_toolbox.dae","useInstanceRenderData":true}
{"class":"TSStatic","persistentId":"374e643e-6e09-44fa-952a-75e01a2b89ed","__parent":"career_garage_props","position":[901.712524,-540.157715,165.604858],"isRenderEnabled":false,"rotationMatrix":[1.1920929e-07,-2.68220901e-07,0.999999881,-0.996194601,0.0871560574,2.98023224e-08,-0.0871559083,-0.996194601,-1.1920929e-07],"scale":[0.719140649,0.719140649,0.719140649],"shapeName":"/art/shapes/garage_and_dealership/Clutter/cbbox_medium_dirt.DAE","useInstanceRenderData":true}
{"class":"TSStatic","persistentId":"04482cb1-33da-4777-bc9b-2ccff08a2c83","__parent":"career_garage_props","position":[902.826233,-540.433167,164.515762],"collisionType":"None","decalType":"None","isRenderEnabled":false,"rotationMatrix":[-1.1920929e-07,0,-1.00000012,0.488027424,0.872828305,0,0.872828364,-0.488027424,-1.1920929e-07],"shapeName":"/art/shapes/garage_and_dealership/Clutter/plastic_can_small.DAE","useInstanceRenderData":true}
{"class":"TSStatic","persistentId":"ed98ee05-543c-4fb9-b9f4-f941fe79a7bc","__parent":"career_garage_props","position":[905.486511,-540.784851,164.460678],"collisionType":"None","decalType":"None","isRenderEnabled":false,"rotationMatrix":[-0.535878062,0.84429574,0,-0.84429574,-0.535878062,0,0,0,1],"scale":[0.602539301,0.602539301,0.602539301],"shapeName":"/art/shapes/garage_and_dealership/Clutter/clutter_workshop_short_bottle.dae","useInstanceRenderData":true}
{"class":"TSStatic","persistentId":"dac54891-6915-4780-8de3-d35b30373f72","__parent":"career_garage_props","position":[918.479553,-552.759705,163.642944],"isRenderEnabled":false,"rotationMatrix":[0.171110272,0.985251904,0,-0.985251904,0.171110272,0,0,0,1],"shapeName":"/art/shapes/garage_and_dealership/Clutter/ind_clutter_mix.DAE","useInstanceRenderData":true}
{"class":"TSStatic","persistentId":"4c75cccc-264b-4baa-9ab2-8d715a5e80ad","__parent":"career_garage_props","position":[904.275757,-540.829712,163.645996],"collisionType":"None","decalType":"None","isRenderEnabled":false,"rotationMatrix":[0.491382599,-0.870943785,0,0.870943785,0.491382599,0,0,0,1],"shapeName":"/art/shapes/garage_and_dealership/garage/s_wrench_01.dae","useInstanceRenderData":true}
{"class":"TSStatic","persistentId":"d0d72ac9-aa02-4fcd-b66c-7994d07855c1","__parent":"career_garage_props","position":[908.444458,-535.11084,163.779114],"collisionType":"None","decalType":"None","isRenderEnabled":false,"rotationMatrix":[0.971769392,0.235932603,0,-0.235932603,0.971769392,0,0,0,1],"scale":[0.602539301,0.602539301,0.602539301],"shapeName":"/art/shapes/garage_and_dealership/Clutter/clutter_workshop_short_bottle.dae","useInstanceRenderData":true}
{"class":"TSStatic","persistentId":"3cbb6b4b-4e2d-4b86-be37-0f48f45ea647","__parent":"career_garage_props","position":[908.612183,-534.998169,163.779114],"collisionType":"None","decalType":"None","isRenderEnabled":false,"rotationMatrix":[-0.683751225,0.72971499,0,-0.72971499,-0.683751225,0,0,0,1],"scale":[0.602539301,0.602539301,0.602539301],"shapeName":"/art/shapes/garage_and_dealership/Clutter/clutter_workshop_short_bottle.dae","useInstanceRenderData":true}
{"class":"TSStatic","persistentId":"1a16e1d1-0164-4cbe-badf-63c15272d079","__parent":"career_garage_props","position":[908.612183,-535.098816,163.779114],"collisionType":"None","decalType":"None","isRenderEnabled":false,"rotationMatrix":[-0.509557843,-0.860436738,0,0.860436738,-0.509557843,0,0,0,1],"scale":[0.602539301,0.602539301,0.602539301],"shapeName":"/art/shapes/garage_and_dealership/Clutter/clutter_workshop_short_bottle.dae","useInstanceRenderData":true}
{"class":"TSStatic","persistentId":"acf74a77-3a28-49ee-a2a5-1d83df2d35ae","__parent":"career_garage_props","position":[904.684509,-541.233826,163.64093],"isRenderEnabled":false,"rotationMatrix":[-0.825060964,-0.565043926,0,0.565043926,-0.825060964,0,0,0,1],"shapeName":"/art/shapes/garage_and_dealership/garage/s_metal_stool.dae","useInstanceRenderData":true}
{"class":"TSStatic","persistentId":"06d83836-236c-40b5-9188-3cbcd7535d71","__parent":"career_garage_props","position":[902.258362,-540.296875,163.640228],"isRenderEnabled":false,"rotationMatrix":[0.978217721,-0.207581446,0,0.207581446,0.978217721,0,0,0,1],"shapeName":"/art/shapes/garage_and_dealership/Clutter/cbbox_small_dirt.DAE","useInstanceRenderData":true}
{"class":"TSStatic","persistentId":"c026e904-6112-4e76-9a68-f2a3d113dbb2","__parent":"career_garage_props","position":[907.606018,-535.78595,163.645599],"isRenderEnabled":false,"rotationMatrix":[-0.138138533,-0.990412891,0,0.990412891,-0.138138533,0,0,0,1],"shapeName":"/art/shapes/garage_and_dealership/garage/s_metal_locker.dae","useInstanceRenderData":true}
{"class":"TSStatic","persistentId":"23bf44e6-5270-4c57-a3da-062ba2864c55","__parent":"career_garage_props","position":[907.480713,-536.68927,163.645599],"isRenderEnabled":false,"rotationMatrix":[-0.0954253674,-0.99543637,0,0.99543637,-0.0954253674,0,0,0,1],"shapeName":"/art/shapes/garage_and_dealership/garage/s_metal_locker.dae","useInstanceRenderData":true}
{"class":"TSStatic","persistentId":"739a91a5-38ea-4770-b9f9-d7bd0fb855d1","__parent":"career_garage_props","position":[907.376892,-537.595276,163.645599],"isRenderEnabled":false,"rotationMatrix":[-0.132717609,-0.991153896,0,0.991153896,-0.132717609,0,0,0,1],"shapeName":"/art/shapes/garage_and_dealership/garage/s_metal_locker.dae","useInstanceRenderData":true}
{"class":"TSStatic","persistentId":"58aa1c58-cc1b-4606-8bc2-bf7c87efd7e5","__parent":"career_garage_props","position":[919.417114,-535.533936,163.645599],"isRenderEnabled":false,"rotationMatrix":[-0.0954253674,-0.99543637,0,0.99543637,-0.0954253674,0,0,0,1],"shapeName":"/art/shapes/garage_and_dealership/garage/s_metal_locker.dae","useInstanceRenderData":true}
{"class":"TSStatic","persistentId":"d056787b-438a-4d59-97c1-8dbb57f59703","__parent":"career_garage_props","position":[919.525635,-534.635559,163.645599],"isRenderEnabled":false,"rotationMatrix":[-0.109637976,-0.993971467,0,0.993971467,-0.109637976,0,0,0,1],"shapeName":"/art/shapes/garage_and_dealership/garage/s_metal_locker.dae","useInstanceRenderData":true}
{"class":"TSStatic","persistentId":"b9c21b89-026c-4449-ac14-5e56907f63ac","__parent":"career_garage_props","position":[919.483948,-534.656372,165.462433],"collisionType":"None","decalType":"None","isRenderEnabled":false,"rotationMatrix":[-0.919334412,0.393477231,0,-0.393477231,-0.919334412,0,0,0,1],"shapeName":"/art/shapes/garage_and_dealership/garage/s_small_toolbox_01.dae","useInstanceRenderData":true}
{"class":"TSStatic","persistentId":"5899a08f-7f6e-4830-a88b-4056f5bbd521","__parent":"career_garage_props","position":[899.889282,-540.217651,163.658173],"isRenderEnabled":false,"rotationMatrix":[0.822763503,-0.568383932,7.4505806e-09,0.549016714,0.794728518,-0.258819073,0.147108585,0.212946892,0.965925813],"shapeName":"/art/shapes/garage_and_dealership/Clutter/clutter_workshop_broom.dae","useInstanceRenderData":true}
{"class":"TSStatic","persistentId":"2ebb4252-86ec-4e39-bf56-d533ee928a2f","__parent":"career_garage_props","position":[917.749878,-546.370972,163.653976],"isRenderEnabled":false,"rotationMatrix":[-0.247369528,-0.968921661,0,0.968921661,-0.247369528,0,0,0,1],"shapeName":"/art/shapes/garage_and_dealership/Clutter/metal_drum_a.DAE","useInstanceRenderData":true}
{"class":"TSStatic","persistentId":"68dfadcb-9379-422d-8167-5fdac451758e","__parent":"career_garage_props","position":[917.871094,-546.148987,163.645813],"isRenderEnabled":false,"rotationMatrix":[0.871882439,-0.489715397,0,0.489715397,0.871882439,0,0,0,1],"shapeName":"/art/shapes/garage_and_dealership/Clutter/clutter_workshop_hand_truck.dae","useInstanceRenderData":true}
