{"name":"Level_Another_Garage","class":"SFXSpace","persistentId":"d6ba5209-4240-44cd-9d4a-260fca1ff6c4","__parent":"Snapshots","position":[-506.971558,695.288452,62.7194061],"cloneOrigin":"Level_Racetrack","locked":true,"rotationMatrix":[0.712233424,0.701941848,-2.80124368e-10,-0.701941967,0.712233186,-0.00069053442,-0.000484714983,0.000491822138,0.999999762],"scale":[69.5545425,71.0738525,47.3850098],"soundAmbience":"Level_Parking_House"}
{"name":"Level_Building_Filter_Only_01","class":"SFXSpace","persistentId":"26b03df6-1fbb-4f0a-ba8c-10bfb0d90649","__parent":"Snapshots","position":[-243.87291,-267.052216,91.9482498],"cloneOrigin":"Freesound_T019_or_City_Freeway_12","locked":true,"rotationMatrix":[0.80874145,0.588165224,-7.1577233e-10,-0.588164687,0.808741331,-0.000690531801,-0.000406145875,0.000558462576,0.999999762],"scale":[23.9110107,24.1009159,58.0099907],"soundAmbience":"Level_Building_Filter_Only"}
{"name":"Level_Building_Filter_Only_02","class":"SFXSpace","persistentId":"27a05238-137c-412a-b94a-0409e46576b7","__parent":"Snapshots","position":[-216.643509,-231.717865,92.647789],"cloneOrigin":"Freesound_T019_or_City_Freeway_12","locked":true,"rotationMatrix":[0.80874145,0.588165224,-7.1577233e-10,-0.588164687,0.808741331,-0.000690531801,-0.000406145875,0.000558462576,0.999999762],"scale":[23.9110107,50.1362801,58.0099907],"soundAmbience":"Level_Building_Filter_Only"}
{"name":"Level_Building_Filter_Only_03","class":"SFXSpace","persistentId":"44941e46-5d9b-4ed0-9921-1d1f4609741a","__parent":"Snapshots","position":[-216.733749,-109.428528,93.3689117],"cloneOrigin":"Freesound_T019_or_City_Freeway_12","locked":true,"rotationMatrix":[0.80874145,0.588165224,-7.1577233e-10,-0.588164687,0.808741331,-0.000690531801,-0.000406145875,0.000558462576,0.999999762],"scale":[75.5880508,11.8480577,58.0099907],"soundAmbience":"Level_Building_Filter_Only"}
{"name":"Level_Building_Filter_Only_04","class":"SFXSpace","persistentId":"4d4b2768-4d85-47a0-90c8-6b82a42b95ef","__parent":"Snapshots","position":[152.90596,15.147377,116.006073],"cloneOrigin":"Freesound_T019_or_City_Freeway_12","locked":true,"rotationMatrix":[0.824684441,0.565594077,-6.77118805e-10,-0.565593541,0.824684322,-0.000690531975,-0.00039055993,0.00056947174,0.999999762],"scale":[11.7221842,24.4187145,31.6546192],"soundAmbience":"Level_Building_Filter_Only"}
{"name":"Level_Building_Filter_Only_05","class":"SFXSpace","persistentId":"b77ebddf-0271-490f-9ad8-8cdc3f42f483","__parent":"Snapshots","position":[72.4336853,105.945648,94.7887268],"cloneOrigin":"Freesound_T019_or_City_Freeway_12","locked":true,"rotationMatrix":[0.80874145,0.588165224,-7.1577233e-10,-0.588164687,0.808741331,-0.000690531801,-0.000406145875,0.000558462576,0.999999762],"scale":[11.6421976,11.8480577,55.2835541],"soundAmbience":"Level_Building_Filter_Only"}
{"name":"Level_Building_Filter_Only_06","class":"SFXSpace","persistentId":"b79b306c-2e97-4912-bf60-a860b5aa7f36","__parent":"Snapshots","position":[180.225372,-8.42512226,116.01445],"cloneOrigin":"Freesound_T019_or_City_Freeway_12","locked":true,"rotationMatrix":[0.824684441,0.565594077,-6.77118805e-10,-0.565593541,0.824684322,-0.000690531975,-0.00039055993,0.00056947174,0.999999762],"scale":[24.1903839,11.8480577,31.6546192],"soundAmbience":"Level_Building_Filter_Only"}
{"name":"Level_Building_Filter_Only_07","class":"SFXSpace","persistentId":"d1065043-324a-429e-8a5d-587a1dd7978f","__parent":"Snapshots","position":[81.2548828,93.9347992,106.61377],"cloneOrigin":"Freesound_T019_or_City_Freeway_12","locked":true,"rotationMatrix":[0.80874145,0.588165224,-7.1577233e-10,-0.588164687,0.808741331,-0.000690531801,-0.000406145875,0.000558462576,0.999999762],"scale":[11.6421976,11.8480577,31.6546192],"soundAmbience":"Level_Building_Filter_Only"}
{"name":"Level_Garage","class":"SFXSpace","persistentId":"8cd80102-2ea2-4291-acb0-4e7b68a608e3","__parent":"Snapshots","position":[-414.193573,286.144501,87.6088104],"cloneOrigin":"Level_Racetrack","locked":true,"rotationMatrix":[0.702162445,0.712016106,-2.80124368e-10,-0.712016165,0.702162206,-0.00069053442,-0.000491671555,0.000484867778,0.999999762],"scale":[48.923687,34.5243874,47.3850098],"soundAmbience":"Level_Parking_House"}
{"name":"Level_Garage_Dynamic_1","class":"SFXEmitter","persistentId":"da220ce8-211e-40c3-b1c5-223a8e975482","__parent":"Snapshots","position":[-397.18515,303.810425,107.052048],"cloneOrigin":"Level_Tunnel_A_In","fadeInTime":0,"fadeOutTime":0,"isLooping":false,"locked":true,"maxDistance":5,"rotationMatrix":[1,0,0,0,0.999999762,-0.000690533896,0,0.000690533896,0.999999762],"scale":[5,5,5],"track":"event:>Snapshot Events>Snapshot_WC_Tunnel_Parking_1","useTrackDescriptionOnly":true}
{"name":"Level_Garage_Dynamic_2","class":"SFXEmitter","persistentId":"cf0a7a49-2c2a-41f9-b99b-c351866ccb87","__parent":"Snapshots","position":[-431.89325,269.252991,106.649811],"cloneOrigin":"Level_Garage_Dynamic_1","fadeInTime":0,"fadeOutTime":0,"isLooping":false,"locked":true,"maxDistance":5,"rotationMatrix":[1,0,0,0,0.999999762,-0.000690533896,0,0.000690533896,0.999999762],"scale":[5,5,5],"track":"event:>Snapshot Events>Snapshot_WC_Tunnel_Parking_2","useTrackDescriptionOnly":true}
{"name":"Level_Racetrack","class":"SFXSpace","persistentId":"86670e0c-4240-4ec8-b6e0-46259a268a7c","__parent":"Snapshots","position":[506.835266,-248.830521,139.644592],"locked":true,"rotationMatrix":[1,0,0,0,0.999999762,-0.000690533896,0,0.000690533896,0.999999762],"scale":[197.111481,65.4822006,48.6408577],"soundAmbience":"Level_Tunnel_Racetrack_Dynamic"}
{"name":"Level_Racetrack_In","class":"SFXEmitter","persistentId":"391ac6d2-cd40-45f2-be4e-780f55e6de5a","__parent":"Snapshots","position":[408.243317,-248.732925,144.892151],"fadeInTime":0,"fadeOutTime":0,"isLooping":false,"locked":true,"maxDistance":50,"rotationMatrix":[1,0,0,0,0.999999762,-0.000690533896,0,0.000690533896,0.999999762],"scale":[50,50,50],"track":"event:>Snapshot Events>Snapshot_WC_Racetrack_Position","useTrackDescriptionOnly":true}
{"name":"Level_Racetrack_Out","class":"SFXEmitter","persistentId":"56137ac3-1fce-4d7b-b525-9efae5f56bd0","__parent":"Snapshots","position":[605.581604,-251.040558,146.563904],"fadeInTime":0,"fadeOutTime":0,"isLooping":false,"locked":true,"maxDistance":50,"rotationMatrix":[1,0,0,0,0.999999762,-0.000690533896,0,0.000690533896,0.999999762],"scale":[50,50,50],"track":"event:>Snapshot Events>Snapshot_WC_Racetrack_Position","useTrackDescriptionOnly":true}
{"name":"Level_Tunnel_A_1","class":"SFXSpace","persistentId":"13a1c817-fcc8-47ce-95d9-e059fadb5368","__parent":"Snapshots","position":[-415.594086,-282.154938,93.074852],"cloneOrigin":"Level_Racetrack","locked":true,"rotationMatrix":[0.579244733,-0.813956916,0.0441668257,0.810286522,0.580852151,0.0777674168,-0.0889537483,-0.00925859716,0.995992541],"scale":[25.7888222,17.4706974,14.4952574],"soundAmbience":"Level_Tunnel_Closed_Dynamic"}
{"name":"Level_Tunnel_A_10","class":"SFXSpace","persistentId":"9ede369a-5978-421f-82d1-cc83fbf9e821","__parent":"Snapshots","position":[-598.188904,-204.258698,90.5833282],"cloneOrigin":"Level_Tunnel_Closed_9","locked":true,"rotationMatrix":[0.989009678,-0.147271231,-0.0130698103,0.147757828,0.987651527,0.0520766154,0.00523900334,-0.0534354411,0.998556972],"scale":[25.7888222,17.4706974,14.4952574],"soundAmbience":"Level_Tunnel_Closed_Dynamic"}
{"name":"Level_Tunnel_A_11","class":"SFXSpace","persistentId":"405feded-7bb7-44aa-a345-8443b85027bc","__parent":"Snapshots","position":[-615.69519,-205.097168,91.3507538],"cloneOrigin":"Level_Tunnel_Closed_10","locked":true,"rotationMatrix":[0.999533296,0.0276087709,-0.0130698141,-0.0268926173,0.998280942,0.0520766377,0.0144850984,-0.051700823,0.998557031],"scale":[25.7888222,17.4706974,14.4952574],"soundAmbience":"Level_Tunnel_Closed_Dynamic"}
{"name":"Level_Tunnel_A_2","class":"SFXSpace","persistentId":"e3c5a9c0-203c-4bd1-b243-022ef6430e74","__parent":"Snapshots","position":[-427.456818,-273.227051,91.9404068],"cloneOrigin":"Level_Racetrack1","locked":true,"rotationMatrix":[0.787155867,-0.615170777,0.0441667028,0.611194551,0.787650824,0.0777673945,-0.0826282725,-0.0342206433,0.995992243],"scale":[25.7888222,17.4706974,14.4952574],"soundAmbience":"Level_Tunnel_Closed_Dynamic"}
{"name":"Level_Tunnel_A_3","class":"SFXSpace","persistentId":"7af2282e-af53-4db3-be23-334b9c35dee0","__parent":"Snapshots","position":[-446.200989,-259.763123,90.6077957],"cloneOrigin":"Level_Tunnel_Closed_2","locked":true,"rotationMatrix":[0.787155867,-0.615170777,0.0441667028,0.611194551,0.787650824,0.0777673945,-0.0826282725,-0.0342206433,0.995992243],"scale":[25.7888222,17.4706974,14.4952574],"soundAmbience":"Level_Tunnel_Closed_Dynamic"}
{"name":"Level_Tunnel_A_4","class":"SFXSpace","persistentId":"5db39e93-4ee4-4dac-b567-89639e90e031","__parent":"Snapshots","position":[-466.038116,-247.404266,89.3738098],"cloneOrigin":"Level_Tunnel_Closed_3","locked":true,"rotationMatrix":[0.787155867,-0.615170777,0.0441667028,0.611194551,0.787650824,0.0777673945,-0.0826282725,-0.0342206433,0.995992243],"scale":[25.7888222,17.4706974,14.4952574],"soundAmbience":"Level_Tunnel_Closed_Dynamic"}
{"name":"Level_Tunnel_A_5","class":"SFXSpace","persistentId":"345dc199-1a6b-4ac3-88de-80ff88d0b1c7","__parent":"Snapshots","position":[-487.492096,-234.669754,86.468338],"cloneOrigin":"Level_Tunnel_Closed_4","locked":true,"rotationMatrix":[0.787155867,-0.615170777,0.0441667028,0.611194551,0.787650824,0.0777673945,-0.0826282725,-0.0342206433,0.995992243],"scale":[25.7888222,17.4706974,14.4952574],"soundAmbience":"Level_Tunnel_Closed_Dynamic"}
{"name":"Level_Tunnel_A_6","class":"SFXSpace","persistentId":"bff48a5c-8dd0-4912-85de-8948749414c3","__parent":"Snapshots","position":[-505.33667,-225.000992,86.0276184],"cloneOrigin":"Level_Tunnel_Closed_5","locked":true,"rotationMatrix":[0.91061306,-0.410893232,0.0441666953,0.40691328,0.910150766,0.0777674094,-0.0721525401,-0.0528440587,0.995992184],"scale":[25.7888222,17.4706974,14.4952574],"soundAmbience":"Level_Tunnel_Closed_Dynamic"}
{"name":"Level_Tunnel_A_7","class":"SFXSpace","persistentId":"f84aaf01-21cd-4396-8e0d-c6491959ab04","__parent":"Snapshots","position":[-528.350342,-217.23674,85.885704],"cloneOrigin":"Level_Tunnel_Closed_6","locked":true,"rotationMatrix":[0.911589742,-0.410893172,-0.0130698113,0.410991788,0.910150588,0.0520765893,-0.00950246584,-0.0528440624,0.998556972],"scale":[25.7888222,17.4706974,14.4952574],"soundAmbience":"Level_Tunnel_Closed_Dynamic"}
{"name":"Level_Tunnel_A_8","class":"SFXSpace","persistentId":"59d2b717-eca1-4933-b39a-7f465ad12480","__parent":"Snapshots","position":[-550.187012,-210.116562,87.3096848],"cloneOrigin":"Level_Tunnel_Closed_7","locked":true,"rotationMatrix":[0.942099273,-0.335078984,-0.0130698131,0.335294783,0.940673053,0.0520765893,-0.00515538827,-0.0534435548,0.998556972],"scale":[25.7888222,17.4706974,14.4952574],"soundAmbience":"Level_Tunnel_Closed_Dynamic"}
{"name":"Level_Tunnel_A_9","class":"SFXSpace","persistentId":"e64aec2d-dc09-480a-9382-5121881fdddf","__parent":"Snapshots","position":[-573.542908,-204.997681,89.021637],"cloneOrigin":"Level_Tunnel_Closed_8","locked":true,"rotationMatrix":[0.989009678,-0.147271231,-0.0130698103,0.147757828,0.987651527,0.0520766154,0.00523900334,-0.0534354411,0.998556972],"scale":[25.7888222,17.4706974,14.4952574],"soundAmbience":"Level_Tunnel_Closed_Dynamic"}
{"name":"Level_Tunnel_B","class":"SFXSpace","persistentId":"aaaf4de5-ab79-4fc2-8ac8-d870230e4f66","__parent":"Snapshots","position":[-480.645508,-113.356903,96.3724899],"cloneOrigin":"Level_Tunnel_Closed_11","locked":true,"rotationMatrix":[0.684643924,0.728870988,0.0031247586,-0.728860915,0.684593379,0.00955992844,0.00482878741,-0.00882266834,0.999948919],"scale":[155.201736,51.0948448,21.4597149],"soundAmbience":"Level_Under_Bridge_A"}
{"name":"Level_Tunnel_B_1","class":"SFXEmitter","persistentId":"a530ea05-ba24-439a-9651-d85b9981dec0","__parent":"Snapshots","position":[-492.918823,-95.0715256,88.0301056],"fadeInTime":0,"fadeOutTime":0,"isLooping":false,"locked":true,"maxDistance":20,"rotationMatrix":[1,0,0,0,0.999999762,-0.000690533896,0,0.000690533896,0.999999762],"scale":[20,20,20],"track":"event:>Snapshot Events>Snapshot_WC_Tunnel_B_Position","useTrackDescriptionOnly":true}
{"name":"Level_Tunnel_B_2","class":"SFXEmitter","persistentId":"cdd631ec-c474-4fdf-b8d9-9a37999222a2","__parent":"Snapshots","position":[-478.261902,-80.546051,88.3396835],"cloneOrigin":"Level_Tunnel_B_1","fadeInTime":0,"fadeOutTime":0,"isLooping":false,"locked":true,"maxDistance":20,"rotationMatrix":[1,0,0,0,0.999999762,-0.000690533896,0,0.000690533896,0.999999762],"scale":[20,20,20],"track":"event:>Snapshot Events>Snapshot_WC_Tunnel_B_Position","useTrackDescriptionOnly":true}
{"name":"Level_Tunnel_B_3","class":"SFXEmitter","persistentId":"020ecf7d-c090-4e0c-b152-abb6f0b89bac","__parent":"Snapshots","position":[-465.607239,-67.8153,88.6424179],"cloneOrigin":"Level_Tunnel_B_2","fadeInTime":0,"fadeOutTime":0,"isLooping":false,"locked":true,"maxDistance":20,"rotationMatrix":[1,0,0,0,0.999999762,-0.000690533896,0,0.000690533896,0.999999762],"scale":[20,20,20],"track":"event:>Snapshot Events>Snapshot_WC_Tunnel_B_Position","useTrackDescriptionOnly":true}
{"name":"Level_Tunnel_B_4","class":"SFXEmitter","persistentId":"e3f7b7ed-e80d-440c-a165-6c10b8d7e0a6","__parent":"Snapshots","position":[-458.426178,-57.3042297,88.5681],"cloneOrigin":"Level_Tunnel_B_3","fadeInTime":0,"fadeOutTime":0,"isLooping":false,"locked":true,"maxDistance":20,"rotationMatrix":[1,0,0,0,0.999999762,-0.000690533896,0,0.000690533896,0.999999762],"scale":[20,20,20],"track":"event:>Snapshot Events>Snapshot_WC_Tunnel_B_Position","useTrackDescriptionOnly":true}
{"name":"Level_Tunnel_B_5","class":"SFXEmitter","persistentId":"9c6d4edc-ddba-43ca-9140-5c7d282f92a1","__parent":"Snapshots","position":[-471.763763,-135.611496,87.5958633],"cloneOrigin":"Level_Tunnel_B_4","fadeInTime":0,"fadeOutTime":0,"isLooping":false,"locked":true,"maxDistance":20,"rotationMatrix":[1,0,0,0,0.999999762,-0.000690533896,0,0.000690533896,0.999999762],"scale":[20,20,20],"track":"event:>Snapshot Events>Snapshot_WC_Tunnel_B_Position","useTrackDescriptionOnly":true}
{"name":"Level_Tunnel_B_6","class":"SFXEmitter","persistentId":"144fdd2a-8d75-49e7-9831-5a2c82af84fb","__parent":"Snapshots","position":[-506.25647,-173.378784,87.057869],"cloneOrigin":"Level_Tunnel_B_4","fadeInTime":0,"fadeOutTime":0,"isLooping":false,"locked":true,"maxDistance":20,"rotationMatrix":[1,0,0,0,0.999999762,-0.000690533896,0,0.000690533896,0.999999762],"scale":[20,20,20],"track":"event:>Snapshot Events>Snapshot_WC_Tunnel_B_Position","useTrackDescriptionOnly":true}
{"name":"Level_Tunnel_B_7","class":"SFXEmitter","persistentId":"83e54658-fd93-48d1-9299-e2cb1b44d127","__parent":"Snapshots","position":[-491.599487,-158.853317,87.3674393],"cloneOrigin":"Level_Tunnel_B_4","fadeInTime":0,"fadeOutTime":0,"isLooping":false,"locked":true,"maxDistance":20,"rotationMatrix":[1,0,0,0,0.999999762,-0.000690533896,0,0.000690533896,0.999999762],"scale":[20,20,20],"track":"event:>Snapshot Events>Snapshot_WC_Tunnel_B_Position","useTrackDescriptionOnly":true}
{"name":"Level_Tunnel_B_8","class":"SFXEmitter","persistentId":"17343906-8988-4d26-b2fb-553cb1e6ae6d","__parent":"Snapshots","position":[-478.944824,-146.122559,87.6701736],"cloneOrigin":"Level_Tunnel_B_4","fadeInTime":0,"fadeOutTime":0,"isLooping":false,"locked":true,"maxDistance":20,"rotationMatrix":[1,0,0,0,0.999999762,-0.000690533896,0,0.000690533896,0.999999762],"scale":[20,20,20],"track":"event:>Snapshot Events>Snapshot_WC_Tunnel_B_Position","useTrackDescriptionOnly":true}
{"name":"Level_Tunnel_C_Del_1","class":"SFXEmitter","persistentId":"6da4577b-9c53-4dc6-9589-07e88035d258","__parent":"Snapshots","position":[-829.572876,-447.605957,96.2108994],"cloneOrigin":"Level_Tunnel_B_1","fadeInTime":0,"fadeOutTime":0,"isLooping":false,"locked":true,"maxDistance":20,"rotationMatrix":[1,0,0,0,0.999999762,-0.000690533896,0,0.000690533896,0.999999762],"scale":[20,20,20],"track":"event:>Special>Slap Delays>Delay_05","useTrackDescriptionOnly":true}
{"name":"Level_Tunnel_C_Del_2","class":"SFXEmitter","persistentId":"131d0491-8999-443b-9b7b-aed9361c5c69","__parent":"Snapshots","position":[-802.716187,-477.273346,97.3687286],"cloneOrigin":"Level_Tunnel_B_1","fadeInTime":0,"fadeOutTime":0,"isLooping":false,"locked":true,"maxDistance":20,"rotationMatrix":[1,0,0,0,0.999999762,-0.000690533896,0,0.000690533896,0.999999762],"scale":[20,20,20],"track":"event:>Special>Slap Delays>Delay_05","useTrackDescriptionOnly":true}
{"name":"Level_Tunnel_C_Del_3","class":"SFXEmitter","persistentId":"aac27570-ee2e-469e-bd13-07165a7d7c76","__parent":"Snapshots","position":[-826.503906,-499.017029,96.5585938],"cloneOrigin":"Level_Tunnel_B_1","fadeInTime":0,"fadeOutTime":0,"isLooping":false,"locked":true,"maxDistance":20,"rotationMatrix":[1,0,0,0,0.999999762,-0.000690533896,0,0.000690533896,0.999999762],"scale":[20,20,20],"track":"event:>Special>Slap Delays>Delay_05","useTrackDescriptionOnly":true}
{"name":"Level_Tunnel_C_Del_4","class":"SFXEmitter","persistentId":"b3c1ccfd-5b59-4ce8-a74b-b17826aafec0","__parent":"Snapshots","position":[-852.624756,-471.034943,95.903923],"cloneOrigin":"Level_Tunnel_B_1","fadeInTime":0,"fadeOutTime":0,"isLooping":false,"locked":true,"maxDistance":20,"rotationMatrix":[1,0,0,0,0.999999762,-0.000690533896,0,0.000690533896,0.999999762],"scale":[20,20,20],"track":"event:>Special>Slap Delays>Delay_05","useTrackDescriptionOnly":true}
{"name":"Level_Tunnel_D_Del_1","class":"SFXEmitter","persistentId":"7c080a10-3794-4299-a7ff-1bd531f18a7f","__parent":"Snapshots","position":[-915.172729,-386.738831,93.0865173],"cloneOrigin":"Level_Tunnel_C_6","fadeInTime":0,"fadeOutTime":0,"isLooping":false,"locked":true,"maxDistance":20,"rotationMatrix":[1,0,0,0,0.999999762,-0.000690533896,0,0.000690533896,0.999999762],"scale":[20,20,20],"track":"event:>Special>Slap Delays>Delay_06","useTrackDescriptionOnly":true}
{"name":"Level_Tunnel_D_Del_2","class":"SFXEmitter","persistentId":"5d49f711-d811-4009-bcc2-f429acd98a9e","__parent":"Snapshots","position":[-929.003723,-376.39389,93.2678299],"cloneOrigin":"Level_Tunnel_C_6","fadeInTime":0,"fadeOutTime":0,"isLooping":false,"locked":true,"maxDistance":20,"rotationMatrix":[1,0,0,0,0.999999762,-0.000690533896,0,0.000690533896,0.999999762],"scale":[20,20,20],"track":"event:>Special>Slap Delays>Delay_06","useTrackDescriptionOnly":true}
{"name":"Level_Tunnel_E_Del_1","class":"SFXEmitter","persistentId":"dfe9448f-600e-4f0a-9198-5fb74de3aa89","__parent":"Snapshots","position":[-928.773926,-443.004639,93.7692795],"cloneOrigin":"Level_Tunnel_D1","fadeInTime":0,"fadeOutTime":0,"isLooping":false,"locked":true,"maxDistance":20,"rotationMatrix":[1,0,0,0,0.999999762,-0.000690533896,0,0.000690533896,0.999999762],"scale":[20,20,20],"track":"event:>Special>Slap Delays>Delay_07","useTrackDescriptionOnly":true}
{"name":"Level_Tunnel_E_Del_2","class":"SFXEmitter","persistentId":"52925f3d-8b3b-479f-81ae-ed3f1be4a637","__parent":"Snapshots","position":[-909.177673,-428.463287,93.9989548],"cloneOrigin":"Level_Tunnel_D1","fadeInTime":0,"fadeOutTime":0,"isLooping":false,"locked":true,"maxDistance":20,"rotationMatrix":[1,0,0,0,0.999999762,-0.000690533896,0,0.000690533896,0.999999762],"scale":[20,20,20],"track":"event:>Special>Slap Delays>Delay_07","useTrackDescriptionOnly":true}
{"name":"Level_Tunnel_F","class":"SFXSpace","persistentId":"f108aea2-0a4e-4342-a3b0-699ab157ddc9","__parent":"Snapshots","position":[9.033741,1708.05249,86.2613373],"cloneOrigin":"Level_Racetrack","locked":true,"rotationMatrix":[0.1660676,-0.986096323,-0.00607693754,0.98533994,0.166177928,-0.038606409,0.0390795842,0.000423365273,0.999235511],"scale":[107.614456,90.4027252,39.1833344],"soundAmbience":"Level_Tunnel_Closed_Dynamic"}
{"name":"Level_Tunnel_F_Del_1","class":"SFXEmitter","persistentId":"0343a402-e903-4068-9706-e90b3e6cbec8","__parent":"Snapshots","position":[-859.603333,-549.035828,106.232658],"cloneOrigin":"Level_Tunnel_E","fadeInTime":0,"fadeOutTime":0,"isLooping":false,"locked":true,"maxDistance":20,"rotationMatrix":[1,0,0,0,0.999999762,-0.000690533896,0,0.000690533896,0.999999762],"scale":[20,20,20],"track":"event:>Special>Slap Delays>Delay_01","useTrackDescriptionOnly":true}
{"name":"Level_Tunnel_F_Del_2","class":"SFXEmitter","persistentId":"b0cef696-307d-442f-87f3-3f309ff8970e","__parent":"Snapshots","position":[-877.952393,-530.553223,106.540443],"cloneOrigin":"Level_Tunnel_E1","fadeInTime":0,"fadeOutTime":0,"isLooping":false,"locked":true,"maxDistance":20,"rotationMatrix":[1,0,0,0,0.999999762,-0.000690533896,0,0.000690533896,0.999999762],"scale":[20,20,20],"track":"event:>Special>Slap Delays>Delay_01","useTrackDescriptionOnly":true}
{"name":"Level_Tunnel_F_Del_3","class":"SFXEmitter","persistentId":"d742bec6-3399-4652-89c7-1ec2db2c0633","__parent":"Snapshots","position":[911.276611,878.313354,117.152],"cloneOrigin":"Level_Tunnel_K_2","fadeInTime":0,"fadeOutTime":0,"isLooping":false,"locked":true,"maxDistance":20,"rotationMatrix":[1,0,0,0,0.999999762,-0.000690533896,0,0.000690533896,0.999999762],"scale":[20,20,20],"track":"event:>Special>Slap Delays>Delay_01","useTrackDescriptionOnly":true}
{"name":"Level_Tunnel_F_Del_4","class":"SFXEmitter","persistentId":"490ae338-3c35-4077-9d11-73ad4fba87c1","__parent":"Snapshots","position":[903.139465,924.121704,117.12336],"cloneOrigin":"Level_Tunnel_K_2","fadeInTime":0,"fadeOutTime":0,"isLooping":false,"locked":true,"maxDistance":20,"rotationMatrix":[1,0,0,0,0.999999762,-0.000690533896,0,0.000690533896,0.999999762],"scale":[20,20,20],"track":"event:>Special>Slap Delays>Delay_01","useTrackDescriptionOnly":true}
{"name":"Level_Tunnel_F_Del_6","class":"SFXEmitter","persistentId":"6249882c-50ab-45e6-a55d-205331400c42","__parent":"Snapshots","position":[908.078125,899.117737,117.200455],"cloneOrigin":"Level_Tunnel_K_2","fadeInTime":0,"fadeOutTime":0,"isLooping":false,"locked":true,"maxDistance":20,"rotationMatrix":[1,0,0,0,0.999999762,-0.000690533896,0,0.000690533896,0.999999762],"scale":[20,20,20],"track":"event:>Special>Slap Delays>Delay_01","useTrackDescriptionOnly":true}
{"name":"Level_Tunnel_F_In","class":"SFXEmitter","persistentId":"71bd0747-824c-4f97-bf8a-d8ee279c7474","__parent":"Snapshots","position":[13.5545321,1654.12146,99.7462921],"cloneOrigin":"Level_Racetrack_b","fadeInTime":0,"fadeOutTime":0,"isLooping":false,"locked":true,"maxDistance":20,"rotationMatrix":[1,0,0,0,0.999999762,-0.000690533896,0,0.000690533896,0.999999762],"scale":[20,20,20]}
{"name":"Level_Tunnel_G_Del_1","class":"SFXEmitter","persistentId":"aa848725-bfbf-47a0-b98a-e6c97ca2960a","__parent":"Snapshots","position":[-493.49942,-7.88720512,91.1682587],"cloneOrigin":"Level_Tunnel_B_1","fadeInTime":0,"fadeOutTime":0,"isLooping":false,"locked":true,"maxDistance":20,"rotationMatrix":[1,0,0,0,0.999999762,-0.000690533896,0,0.000690533896,0.999999762],"scale":[20,20,20],"track":"event:>Special>Slap Delays>Delay_02","useTrackDescriptionOnly":true}
{"name":"Level_Tunnel_G_Del_2","class":"SFXEmitter","persistentId":"1eb65402-3135-4953-9a90-099b88da86a6","__parent":"Snapshots","position":[-464.106201,48.3139458,91.2953033],"cloneOrigin":"Level_Tunnel_B_1","fadeInTime":0,"fadeOutTime":0,"isLooping":false,"locked":true,"maxDistance":20,"rotationMatrix":[1,0,0,0,0.999999762,-0.000690533896,0,0.000690533896,0.999999762],"scale":[20,20,20],"track":"event:>Special>Slap Delays>Delay_02","useTrackDescriptionOnly":true}
{"name":"Level_Tunnel_G_Del_3","class":"SFXEmitter","persistentId":"8c187810-2794-40ad-8f76-65ee35537757","__parent":"Snapshots","position":[-486.369293,26.2307644,91.412178],"cloneOrigin":"Level_Tunnel_B_1","fadeInTime":0,"fadeOutTime":0,"isLooping":false,"locked":true,"maxDistance":20,"rotationMatrix":[1,0,0,0,0.999999762,-0.000690533896,0,0.000690533896,0.999999762],"scale":[20,20,20],"track":"event:>Special>Slap Delays>Delay_02","useTrackDescriptionOnly":true}
{"name":"Level_Tunnel_G_Del_4","class":"SFXEmitter","persistentId":"6ce43f7e-4a27-41f5-aa61-03fba570eb6c","__parent":"Snapshots","position":[-466.889679,16.0808067,91.2160492],"cloneOrigin":"Level_Tunnel_B_1","fadeInTime":0,"fadeOutTime":0,"isLooping":false,"locked":true,"maxDistance":20,"rotationMatrix":[0.785173416,0.619276047,1.10958354e-10,-0.619275928,0.785173237,-0.00069053343,-0.000427630817,0.000542188354,0.999999762],"scale":[20,20,20],"track":"event:>Special>Slap Delays>Delay_02","useTrackDescriptionOnly":true}
{"name":"Level_Tunnel_G_Del_5","class":"SFXEmitter","persistentId":"32320663-f85f-4398-b3e7-73846b844477","__parent":"Snapshots","position":[-142.561111,363.543518,89.6887207],"cloneOrigin":"Level_Tunnel_G_7","fadeInTime":0,"fadeOutTime":0,"isLooping":false,"locked":true,"maxDistance":20,"rotationMatrix":[1,0,0,0,0.999999762,-0.000690533896,0,0.000690533896,0.999999762],"scale":[20,20,20],"track":"event:>Special>Slap Delays>Delay_02","useTrackDescriptionOnly":true}
{"name":"Level_Tunnel_G_Del_6","class":"SFXEmitter","persistentId":"2077cdf1-6775-4963-9d07-cd20c5e9846e","__parent":"Snapshots","position":[-168.863266,361.066864,90.1819992],"cloneOrigin":"Level_Tunnel_G_6","fadeInTime":0,"fadeOutTime":0,"isLooping":false,"locked":true,"maxDistance":20,"rotationMatrix":[1,0,0,0,0.999999762,-0.000690533896,0,0.000690533896,0.999999762],"scale":[20,20,20],"track":"event:>Special>Slap Delays>Delay_02","useTrackDescriptionOnly":true}
{"name":"Level_Tunnel_H_Del_1","class":"SFXEmitter","persistentId":"8330b3a2-a489-4161-97ed-fc08cfda7618","__parent":"Snapshots","position":[221.829147,633.531311,100.210487],"cloneOrigin":"Level_Tunnel_I_1","fadeInTime":0,"fadeOutTime":0,"isLooping":false,"locked":true,"maxDistance":20,"rotationMatrix":[1,0,0,0,0.999999762,-0.000690533896,0,0.000690533896,0.999999762],"scale":[20,20,20],"track":"event:>Special>Slap Delays>Delay_03","useTrackDescriptionOnly":true}
{"name":"Level_Tunnel_K_Del_1","class":"SFXEmitter","persistentId":"861bc81d-22ea-4386-8ff0-bb5536ef8e68","__parent":"Snapshots","position":[517.628479,718.02771,117.037277],"cloneOrigin":"Level_Tunnel_J_1","fadeInTime":0,"fadeOutTime":0,"isLooping":false,"locked":true,"maxDistance":20,"rotationMatrix":[1,0,0,0,0.999999762,-0.000690533896,0,0.000690533896,0.999999762],"scale":[20,20,20],"track":"event:>Special>Slap Delays>Delay_03","useTrackDescriptionOnly":true}
{"name":"Level_Tunnel_K_Del_2","class":"SFXEmitter","persistentId":"589ee097-3023-4437-8b93-8c69d45478d0","__parent":"Snapshots","position":[490.868469,757.882202,115.278847],"cloneOrigin":"Level_Tunnel_K_1","fadeInTime":0,"fadeOutTime":0,"isLooping":false,"locked":true,"maxDistance":20,"rotationMatrix":[1,0,0,0,0.999999762,-0.000690533896,0,0.000690533896,0.999999762],"scale":[20,20,20],"track":"event:>Special>Slap Delays>Delay_03","useTrackDescriptionOnly":true}
{"name":"Level_Tunnel_K_Del_3","class":"SFXEmitter","persistentId":"9ea060df-f7ac-4cc6-a100-c1f629ada83f","__parent":"Snapshots","position":[504.632446,737.914734,115.956573],"cloneOrigin":"Level_Tunnel_K_1","fadeInTime":0,"fadeOutTime":0,"isLooping":false,"locked":true,"maxDistance":20,"rotationMatrix":[1,0,0,0,0.999999762,-0.000690533896,0,0.000690533896,0.999999762],"scale":[20,20,20],"track":"event:>Special>Slap Delays>Delay_03","useTrackDescriptionOnly":true}
{"name":"Level_Tunnel_L1_Del_1","class":"SFXEmitter","persistentId":"cdaa13b6-b707-476b-89ae-344833bb8dda","__parent":"Snapshots","position":[941.734436,882.771667,117.157082],"cloneOrigin":"Level_Tunnel_F4","fadeInTime":0,"fadeOutTime":0,"isLooping":false,"locked":true,"maxDistance":20,"rotationMatrix":[1,0,0,0,0.999999762,-0.000690533896,0,0.000690533896,0.999999762],"scale":[20,20,20],"track":"event:>Special>Slap Delays>Delay_03","useTrackDescriptionOnly":true}
{"name":"Level_Tunnel_L1_Del_2","class":"SFXEmitter","persistentId":"3cb0d03f-2353-47b0-889a-1042b00bba72","__parent":"Snapshots","position":[917.55896,926.885803,117.783524],"cloneOrigin":"Level_Tunnel_F5","fadeInTime":0,"fadeOutTime":0,"isLooping":false,"locked":true,"maxDistance":20,"rotationMatrix":[1,0,0,0,0.999999762,-0.000690533896,0,0.000690533896,0.999999762],"scale":[20,20,20],"track":"event:>Special>Slap Delays>Delay_03","useTrackDescriptionOnly":true}
{"name":"Level_Tunnel_L1_Del_3","class":"SFXEmitter","persistentId":"1043d184-b7e2-4161-8099-1d24e2bd578f","__parent":"Snapshots","position":[929.122498,907.082031,116.941811],"cloneOrigin":"Level_Tunnel_F5","fadeInTime":0,"fadeOutTime":0,"isLooping":false,"locked":true,"maxDistance":20,"rotationMatrix":[1,0,0,0,0.999999762,-0.000690533896,0,0.000690533896,0.999999762],"scale":[20,20,20],"track":"event:>Special>Slap Delays>Delay_03","useTrackDescriptionOnly":true}
{"name":"Level_Under_Bridge_Del_1","class":"SFXEmitter","persistentId":"0445144b-b6b3-49a8-a37f-221711fe1ae0","__parent":"Snapshots","position":[-224.82811,483.340576,74.3943176],"cloneOrigin":"Level_Tunnel_H_2","fadeInTime":0,"fadeOutTime":0,"isLooping":false,"locked":true,"maxDistance":20,"rotationMatrix":[1,0,0,0,0.999999762,-0.000690533896,0,0.000690533896,0.999999762],"scale":[20,20,20],"track":"event:>Special>Slap Delays>Delay_04","useTrackDescriptionOnly":true}
{"name":"Level_Under_Bridge_Del_2","class":"SFXEmitter","persistentId":"47652bba-a52c-4ab1-8256-f8a00a559840","__parent":"Snapshots","position":[-256.06015,495.194916,74.2219925],"cloneOrigin":"Level_Tunnel_H_2","fadeInTime":0,"fadeOutTime":0,"isLooping":false,"locked":true,"maxDistance":20,"rotationMatrix":[1,0,0,0,0.999999762,-0.000690533896,0,0.000690533896,0.999999762],"scale":[20,20,20],"track":"event:>Special>Slap Delays>Delay_04","useTrackDescriptionOnly":true}
{"name":"Parking_Construction_01","class":"SFXSpace","persistentId":"fbe1a914-4c0d-4f49-8cbf-271865d48970","__parent":"Snapshots","position":[-357.407501,523.445068,79.9111328],"locked":true,"rotationMatrix":[0.702663064,-0.711522818,0,0.711522818,0.702663064,0,0,0,1],"scale":[55.815609,24.3091812,37.6293678],"soundAmbience":"Level_Parking_House"}
{"name":"Parking_Construction_02","class":"SFXSpace","persistentId":"bef3edbf-00e6-41e8-848a-46d9fe2912e7","__parent":"Snapshots","position":[-398.206543,549.515625,79.8873978],"locked":true,"rotationMatrix":[0.702663064,-0.711522818,0,0.711522818,0.702663064,0,0,0,1],"scale":[13.0014896,41.7338867,37.6293678],"soundAmbience":"Level_Parking_House"}
{"name":"Parking_Construction_03","class":"SFXSpace","persistentId":"329cc4fa-6e28-4114-8f9b-ffb97aff6f1a","__parent":"Snapshots","position":[-394.408478,534.371521,79.917984],"locked":true,"rotationMatrix":[0.702663064,-0.711522818,0,0.711522818,0.702663064,0,0,0,1],"scale":[22.2675476,12.8645191,37.6293678],"soundAmbience":"Level_Parking_House"}
{"name":"Parking_Construction_04","class":"SFXSpace","persistentId":"a940c40a-16f9-4d0e-aced-f27a6d9ebb2a","__parent":"Snapshots","position":[-335.574951,547.260681,69.5282669],"locked":true,"rotationMatrix":[0.707019866,-0.707193673,0,0.707193673,0.707019866,0,0,0,1],"scale":[61.1714363,34.7733231,37.6293678],"soundAmbience":"Level_Parking_House"}
{"name":"Parking_Construction_Other_01","class":"SFXSpace","persistentId":"54b83e43-8edd-4355-9be5-23a5782e5771","__parent":"Snapshots","position":[-623.948608,275.026215,119.521576],"locked":true,"rotationMatrix":[0.704077482,-0.710123122,0,0.710123122,0.704077482,0,0,0,1],"scale":[13.292284,19.3375626,39.5471497],"soundAmbience":"Level_Parking_House"}
{"name":"Parking_Construction_Other_02","class":"SFXSpace","persistentId":"48623e91-5a02-498b-898d-74128c69668b","__parent":"Snapshots","position":[-612.798218,268.396973,119.719246],"locked":true,"rotationMatrix":[0.704077482,-0.710123122,0,0.710123122,0.704077482,0,0,0,1],"scale":[20.2878685,12.9914961,39.5471497],"soundAmbience":"Level_Parking_House"}
{"name":"Parking_Construction_Other_03","class":"SFXSpace","persistentId":"778fc0d0-2737-4673-838d-603db3850ffb","__parent":"Snapshots","position":[-593.670105,261.57309,119.533119],"locked":true,"rotationMatrix":[0.704077482,-0.710123122,0,0.710123122,0.704077482,0,0,0,1],"scale":[20.2878685,44.1709671,39.5471497],"soundAmbience":"Level_Parking_House"}
{"name":"Sewer_01","class":"SFXSpace","persistentId":"666d185e-4e44-4d2e-ac92-799944fc7b30","__parent":"Snapshots","position":[-628.871216,252.034012,113.865898],"locked":true,"rotationMatrix":[0.70964098,-0.704563618,0,0.704563618,0.70964098,0,0,0,1],"scale":[10,15.3431759,6.42032766],"soundAmbience":"Level_Tunnel_Closed_Dynamic"}
{"name":"Sewer_02","class":"SFXSpace","persistentId":"4929b73e-7746-46ed-bad6-faff508b43a5","__parent":"Snapshots","position":[-632.713989,249.113388,113.865898],"locked":true,"rotationMatrix":[0.70964098,-0.704563618,0,0.704563618,0.70964098,0,0,0,1],"scale":[6.5336194,10,6.42032766],"soundAmbience":"Level_Tunnel_Closed_Dynamic"}
{"name":"Sewer_03","class":"SFXSpace","persistentId":"82d31844-0a3d-4fdd-852a-3869877dfea3","__parent":"Snapshots","position":[-638.715637,241.679199,112.094337],"locked":true,"rotationMatrix":[0.70964098,-0.704563618,0,0.704563618,0.70964098,0,0,0,1],"scale":[6.5336194,10,6.42032766],"soundAmbience":"Level_Tunnel_Closed_Dynamic"}
{"name":"Sewer_04","class":"SFXSpace","persistentId":"f08e1284-7769-459c-b8f0-cb7f0770ca5b","__parent":"Snapshots","position":[-644.804443,235.192841,112.094337],"locked":true,"rotationMatrix":[0.982022822,-0.188762128,0,0.188762128,0.982022822,0,0,0,1],"scale":[6.5336194,10,6.42032766],"soundAmbience":"Level_Tunnel_Closed_Dynamic"}
{"name":"Sewer_05","class":"SFXSpace","persistentId":"a1611aec-cba4-4f10-af2b-ea48af57726b","__parent":"Snapshots","position":[-644.882751,226.871918,110.680214],"locked":true,"rotationMatrix":[0.991551101,0.129716396,0,-0.129716396,0.991551101,0,0,0,1],"scale":[6.5336194,10,6.42032766],"soundAmbience":"Level_Tunnel_Closed_Dynamic"}
{"name":"Sewer_06","class":"SFXSpace","persistentId":"09ebdc0d-2b25-4a01-ac93-3b1c6b70fe90","__parent":"Snapshots","position":[-639.669373,208.477097,109.205605],"locked":true,"rotationMatrix":[0.991551101,0.128305197,0.019081844,-0.129716396,0.980763912,0.145861462,0,-0.147104338,0.989120901],"scale":[8.72518539,21.4488564,5.17113686],"soundAmbience":"Level_Tunnel_Closed_Dynamic"}
{"name":"Sewer_07","class":"SFXSpace","persistentId":"92a48eb7-154e-4c51-a5ae-7ab43ce647f8","__parent":"Snapshots","position":[-628.906982,194.134506,106.06205],"locked":true,"rotationMatrix":[0.671570003,0.740695298,0.019081844,-0.734773874,0.662443578,0.145861462,0.0953982621,-0.111977041,0.989120901],"scale":[12.3984489,21.4488564,5.17113686],"soundAmbience":"Level_Tunnel_Closed_Dynamic"}
{"name":"Sewer_08","class":"SFXSpace","persistentId":"6afc2aca-9f7c-4160-af23-54815d93c1d5","__parent":"Snapshots","position":[-613.391296,187.736679,104.116188],"locked":true,"rotationMatrix":[0.290477186,0.956691384,0.019081844,-0.947436869,0.284758031,0.145861462,0.134110719,-0.0604482815,0.989120901],"scale":[12.3984489,21.4488564,5.17113686],"soundAmbience":"Level_Tunnel_Closed_Dynamic"}
{"name":"Sewer_09","class":"SFXSpace","persistentId":"3c556263-f175-4483-8945-fc1f365762a7","__parent":"Snapshots","position":[-585.472412,183.249557,100.680145],"locked":true,"rotationMatrix":[0.289168626,0.956691384,0.033505246,-0.953518748,0.284758031,0.0985597223,0.0847503543,-0.0604482815,0.994566798],"scale":[12.3984489,39.503006,5.17113686],"soundAmbience":"Level_Tunnel_Closed_Dynamic"}
{"name":"Sewer_10","class":"SFXSpace","persistentId":"d672be46-c52e-4def-a050-d83f4b50bcce","__parent":"Snapshots","position":[-560.374146,173.966492,98.8273697],"locked":true,"rotationMatrix":[0.288269192,0.956691384,0.0405211523,-0.955631852,0.284758031,0.0753633976,0.0605607778,-0.0604482815,0.996332288],"scale":[12.3984489,39.503006,5.17113686],"soundAmbience":"Level_Tunnel_Closed_Dynamic"}
{"name":"Sewer_11","class":"SFXSpace","persistentId":"7078aadf-4bba-4036-a4db-4ef8f476d4d7","__parent":"Snapshots","position":[-523.670715,170.687836,96.563446],"locked":true,"rotationMatrix":[-0.0968651399,0.994519174,0.0393417776,-0.993052304,-0.0992241204,0.0632472783,0.0668042824,-0.0329420269,0.997221828],"scale":[12.3984489,39.503006,5.17113686],"soundAmbience":"Level_Tunnel_Closed_Dynamic"}
{"name":"Sewer_12","class":"SFXSpace","persistentId":"03d1da19-f518-4ce8-9d91-92fc96642551","__parent":"Snapshots","position":[-486.302612,173.494339,95.8614349],"locked":true,"rotationMatrix":[0.00212260522,0.999218881,0.039447844,-0.999657094,0.00109194219,0.026133351,0.0260698125,-0.0394898281,0.998879492],"scale":[12.3984489,39.503006,5.17113686],"soundAmbience":"Level_Tunnel_Closed_Dynamic"}
{"name":"Sewer_13","class":"SFXSpace","persistentId":"d0a97b73-a636-47de-ab60-2459b21b8914","__parent":"Snapshots","position":[-448.683838,177.303421,94.9441528],"locked":true,"rotationMatrix":[-0.141713008,0.989120841,0.039447844,-0.989406228,-0.142796025,0.026133351,0.0314819962,-0.0353265516,0.998879492],"scale":[12.3984489,39.503006,5.17113686],"soundAmbience":"Level_Tunnel_Closed_Dynamic"}
{"name":"Sewer_14","class":"SFXSpace","persistentId":"94ee6daa-7e55-4ebd-8de0-2da040e30d7b","__parent":"Snapshots","position":[-411.165588,183.816193,94.2746048],"locked":true,"rotationMatrix":[-0.141713008,0.989120841,0.039447844,-0.989406228,-0.142796025,0.026133351,0.0314819962,-0.0353265516,0.998879492],"scale":[12.3984489,39.503006,5.71051025],"soundAmbience":"Level_Tunnel_Closed_Dynamic"}
{"name":"Sewer_15","class":"SFXSpace","persistentId":"21eb29d5-7d25-49fa-828c-f7ff647fd775","__parent":"Snapshots","position":[-383.112854,183.816193,94.2746048],"locked":true,"rotationMatrix":[0.636062384,0.770627737,0.039447844,-0.77162075,0.635544419,0.026133351,-0.00493183266,-0.0470612161,0.998879492],"scale":[12.3984489,39.503006,5.71051025],"soundAmbience":"Level_Tunnel_Closed_Dynamic"}
{"name":"Sewer_16","class":"SFXSpace","persistentId":"ddb8d6b2-d9d7-49d5-a141-853a07efaeb0","__parent":"Snapshots","position":[-367.264191,167.430634,94.2746048],"locked":true,"rotationMatrix":[0.740059376,0.671382785,0.039447844,-0.672439873,0.739689231,0.026133351,-0.011633724,-0.0458665229,0.998879492],"scale":[9.85804081,24.031168,5.71051025],"soundAmbience":"Level_Tunnel_Closed_Dynamic"}
{"name":"Sewer_In","class":"SFXEmitter","persistentId":"c01a184f-adba-49d3-a50f-819954f8ce90","__parent":"Snapshots","position":[-623.908997,257.975098,113.344543],"fadeInTime":0,"fadeOutTime":0,"isLooping":false,"locked":true,"maxDistance":6,"referenceDistance":2,"scale":[6,6,6],"track":"event:>Snapshot Events>Snapshot_WC_Tunnel_Sewer","useTrackDescriptionOnly":true}
{"name":"Sewer_Out","class":"SFXEmitter","persistentId":"4073de2b-e3bc-47dc-bfdc-21f3e547be47","__parent":"Snapshots","position":[-358.223846,159.543427,93.21064],"fadeInTime":0,"fadeOutTime":0,"isLooping":false,"locked":true,"maxDistance":6,"referenceDistance":2,"scale":[6,6,6],"track":"event:>Snapshot Events>Snapshot_WC_Tunnel_Sewer","useTrackDescriptionOnly":true}
{"name":"Train_Station_01","class":"SFXSpace","persistentId":"9e5bfb25-0634-4a78-acbb-0cd6f1de97b2","__parent":"Snapshots","position":[-471.706543,576.088013,86.378067],"locked":true,"rotationMatrix":[0.705951393,-0.708260238,0,0.708260238,0.705951393,0,0,0,1],"scale":[50.3106232,14.2111931,10.1747169],"soundAmbience":"Level_Tunnel_Open"}
{"name":"Train_Station_02","class":"SFXSpace","persistentId":"f430669e-4d68-4efe-8a79-99f4f8c45e60","__parent":"Snapshots","position":[-400.674469,504.089874,88.6554031],"locked":true,"rotationMatrix":[0.705951393,-0.708260238,0,0.708260238,0.705951393,0,0,0,1],"scale":[80.6427002,14.2111931,10.1747169],"soundAmbience":"Level_Tunnel_Open"}
{"name":"Train_Station_03","class":"SFXSpace","persistentId":"a013cb6d-136c-429e-a5f0-e0b11b0e2e90","__parent":"Snapshots","position":[-401.142548,514.30603,94.9248352],"locked":true,"rotationMatrix":[0.69634676,0.717705488,0,-0.717705488,0.69634676,0,0,0,1],"scale":[22.405899,11.4508524,17.4599876],"soundAmbience":"Level_Tunnel_Open"}
{"name":"Train_Station_04","class":"SFXSpace","persistentId":"f65d0e57-7389-444d-8b4c-eacedbc82b65","__parent":"Snapshots","position":[-373.874146,518.7901,90.2821045],"locked":true,"rotationMatrix":[0.702663064,-0.711522818,0,0.711522818,0.702663064,0,0,0,1],"scale":[35.6966972,30.0175629,37.6293678],"soundAmbience":"Level_Tunnel_Open"}
{"name":"Tunnel_Closed_Woods_01","class":"SFXSpace","persistentId":"acd1f1c7-f438-4ad9-886c-445521c800cd","__parent":"Snapshots","position":[1067.80676,-742.169739,158.636536],"locked":true,"rotationMatrix":[0.936828136,0.349789977,0,-0.349789977,0.936828136,0,0,0,1],"scale":[86.0804214,35.9825134,15.2630358],"soundAmbience":"Level_Tunnel_Closed_Dynamic"}
{"name":"Tunnel_Closed_Woods_02","class":"SFXSpace","persistentId":"5def6863-4b53-474c-b6b8-cdc25ac74d59","__parent":"Snapshots","position":[1154.61755,-714.940063,162.696503],"locked":true,"rotationMatrix":[0.936064541,0.349789977,0.03781607,-0.349504858,0.936828136,-0.0141196465,-0.0403660685,0,0.999184906],"scale":[104.501411,35.9825134,15.2630358],"soundAmbience":"Level_Tunnel_Closed_Dynamic"}
{"name":"Tunnel_Closed_Woods_03","class":"SFXSpace","persistentId":"595820a4-b6e8-4988-90f1-3e7c7c24cd8f","__parent":"Snapshots","position":[1252.84399,-696.895081,162.696503],"locked":true,"rotationMatrix":[0.940325916,-0.3396433,-0.0207280368,0.338817179,0.94019109,-0.0352680497,0.031466864,0.0261404458,0.999162853],"scale":[104.501411,45.3716087,15.2630358],"soundAmbience":"Level_Tunnel_Closed_Dynamic"}
{"name":"Tunnel_Closed_Woods_04","class":"SFXSpace","persistentId":"76ef346d-72a5-4dc9-8f77-4b72e19da8e6","__parent":"Snapshots","position":[1313.48486,-743.58844,161.793594],"locked":true,"rotationMatrix":[0.679369688,-0.733503163,-0.0207280368,0.732707381,0.679629326,-0.0352680497,0.0399565995,0.00877246168,0.999162853],"scale":[104.501411,45.3716087,15.2630358],"soundAmbience":"Level_Tunnel_Closed_Dynamic"}
{"name":"Tunnel_Closed_Woods_05","class":"SFXSpace","persistentId":"84f71e32-302d-40c5-84ca-66ff6ae68a45","__parent":"Snapshots","position":[1338.82666,-819.791931,161.793594],"locked":true,"rotationMatrix":[0.0192349255,-0.999109447,0.0375504717,0.999412358,0.0202793479,0.0276334099,-0.0283703115,0.0369968936,0.998912513],"scale":[104.501411,45.3716087,15.2630358],"soundAmbience":"Level_Tunnel_Closed_Dynamic"}
{"name":"Tunnel_Closed_Woods_06","class":"SFXSpace","persistentId":"4602f3f3-7479-4e9b-b36e-6db0532d87bc","__parent":"Snapshots","position":[1316.81152,-912.962097,161.793594],"locked":true,"rotationMatrix":[-0.464267284,-0.884898543,0.0375504717,0.885666966,-0.463497818,0.0276334099,-0.0070482064,0.04608652,0.998912513],"scale":[104.501411,45.3716087,15.2630358],"soundAmbience":"Level_Tunnel_Closed_Dynamic"}
{"name":"Tunnel_Closed_Woods_07","class":"SFXSpace","persistentId":"7210b045-fcd8-48cb-a579-ff7bf7390e81","__parent":"Snapshots","position":[1261.42664,-989.164917,161.793594],"locked":true,"rotationMatrix":[-0.609569132,-0.791842759,0.0375504717,0.79273212,-0.608943343,0.0276334099,0.000984793529,0.0466119573,0.998912513],"scale":[104.501411,45.3716087,15.2630358],"soundAmbience":"Level_Tunnel_Closed_Dynamic"}
{"name":"Tunnel_Closed_Woods_08","class":"SFXSpace","persistentId":"368a3768-97c8-4a44-a449-e1af3b831bd4","__parent":"Snapshots","position":[1199.00793,-1068.37781,161.793594],"locked":true,"rotationMatrix":[-0.609569132,-0.791842759,0.0375504717,0.79273212,-0.608943343,0.0276334099,0.000984793529,0.0466119573,0.998912513],"scale":[104.501411,82.0775909,19.5183372],"soundAmbience":"Level_Tunnel_Closed_Dynamic"}
{"name":"Tunnel_Closed_Woods_09","class":"SFXSpace","persistentId":"cf674ac1-b321-4416-889b-b6a448678f1b","__parent":"Snapshots","position":[1135.66003,-1137.89917,161.793594],"locked":true,"rotationMatrix":[-0.609569132,-0.791842759,0.0375504717,0.79273212,-0.608943343,0.0276334099,0.000984793529,0.0466119573,0.998912513],"scale":[104.501411,82.0775909,19.5183372],"soundAmbience":"Level_Tunnel_Closed_Dynamic"}
{"name":"Tunnel_Closed_Woods_10","class":"SFXSpace","persistentId":"b11f89cf-6528-467c-a3de-9a2d0e3ad378","__parent":"Snapshots","position":[1072.29395,-1201.29016,163.242401],"locked":true,"rotationMatrix":[-0.967317164,-0.253463656,-0.00726129115,0.252976954,-0.966621995,0.0405436456,-0.0172952712,0.037381649,0.99915123],"scale":[103.182365,60.5629387,19.5183372],"soundAmbience":"Level_Tunnel_Closed_Dynamic"}
{"name":"Tunnel_Closed_Woods_11","class":"SFXSpace","persistentId":"08e7745d-291c-404b-835e-404c04110d40","__parent":"Snapshots","position":[1002.99298,-1190.49023,163.242401],"locked":true,"rotationMatrix":[-0.909627378,0.415360689,-0.00726129115,-0.415298045,-0.908781052,0.0405436456,0.0102413213,0.039895229,0.99915123],"scale":[103.182365,60.5629387,19.5183372],"soundAmbience":"Level_Tunnel_Closed_Dynamic"}
{"name":"Tunnel_Closed_Woods_12","class":"SFXSpace","persistentId":"db2872c8-22fb-4114-a8f2-c93b2982320b","__parent":"Snapshots","position":[938.996765,-1170.23792,168.393219],"locked":true,"rotationMatrix":[-0.719023228,0.694947481,-0.00726129115,-0.694606185,-0.718246281,0.0405436456,0.0229603238,0.0341955759,0.99915123],"scale":[103.182365,60.5629387,19.5183372],"soundAmbience":"Level_Tunnel_Closed_Dynamic"}
{"name":"Tunnel_Closed_Woods_13","class":"SFXSpace","persistentId":"af69e6a2-50ef-4955-9614-d791bf0ceb95","__parent":"Snapshots","position":[924.049072,-1096.61145,168.393219],"locked":true,"rotationMatrix":[-0.226011306,0.974097133,-0.00726129115,-0.973388433,-0.225544542,0.0405436456,0.037855722,0.0162313841,0.99915123],"scale":[103.182365,60.5629387,19.5183372],"soundAmbience":"Level_Tunnel_Closed_Dynamic"}
{"name":"Tunnel_Closed_Woods_In","class":"SFXSpace","persistentId":"8e38fe39-1589-4dea-a255-7d00175bc708","__parent":"Snapshots","position":[1013.73236,-763.571106,158.012085],"locked":true,"rotationMatrix":[0.936828136,0.349789977,0,-0.349789977,0.936828136,0,0,0,1],"scale":[43.097847,21.391407,15.2630358],"soundAmbience":"Level_Tunnel_Closed"}
{"name":"Tunnel_Closed_Woods_Out","class":"SFXSpace","persistentId":"b289acc1-4c1b-460c-bf3b-caee1e0199cf","__parent":"Snapshots","position":[912.059509,-1052.63477,166.607712],"locked":true,"rotationMatrix":[-0.542212665,-0.839556634,0.0338794515,0.840124428,-0.541028559,0.0384328961,-0.0139368363,0.0493018068,0.998686373],"scale":[103.182365,36.2606888,19.5183372],"soundAmbience":"Level_Tunnel_Closed"}
{"name":"Tunnel_Complex_01","class":"SFXSpace","persistentId":"9a3b2e92-408f-4536-a5f3-e58a4d311c0a","__parent":"Snapshots","position":[2.02222228,364.385498,103.566559],"locked":true,"rotationMatrix":[0.759237289,0.65081352,0,-0.65081352,0.759237289,0,0,0,1],"scale":[29.4409637,42.4221535,10],"soundAmbience":"Level_Tunnel_Closed_Dynamic"}
{"name":"Tunnel_Complex_02","class":"SFXSpace","persistentId":"9e5661d4-b00d-42fe-8cb2-8c9e2c407562","__parent":"Snapshots","position":[19.2837105,332.491211,102.076851],"locked":true,"rotationMatrix":[0.970835447,0.239745855,0,-0.239745855,0.970835447,0,0,0,1],"scale":[44.8966675,47.7776718,10],"soundAmbience":"Level_Tunnel_Closed_Dynamic"}
{"name":"Tunnel_Complex_03","class":"SFXSpace","persistentId":"59e9a604-b8f5-40fc-9246-0d4486ba6602","__parent":"Snapshots","position":[11.9007416,292.67392,101.097504],"locked":true,"rotationMatrix":[0.844981551,-0.534794986,0,0.534794986,0.844981551,0,0,0,1],"scale":[44.8966675,47.7776718,10],"soundAmbience":"Level_Tunnel_Closed_Dynamic"}
{"name":"Tunnel_Complex_04","class":"SFXSpace","persistentId":"56f9b0ad-b1d7-4da5-8e5f-614c22f91b95","__parent":"Snapshots","position":[-25.9649467,269.770447,96.837883],"locked":true,"rotationMatrix":[0.073702924,-0.997223675,0.01058973,0.995710075,0.0741783231,0.0553011112,-0.0559331328,0.00646845112,0.998413503],"scale":[44.8966675,47.7776718,10],"soundAmbience":"Level_Tunnel_Closed_Dynamic"}
{"name":"Tunnel_Complex_05","class":"SFXSpace","persistentId":"4c65b2bb-2ea3-4523-8f87-20ea7013521a","__parent":"Snapshots","position":[-67.7471161,273.153229,93.8288422],"locked":true,"rotationMatrix":[-0.258627564,-0.96591872,0.01058973,0.964645922,-0.257680476,0.0553011112,-0.0506876372,0.0245177448,0.998413503],"scale":[44.8966675,47.7776718,10],"soundAmbience":"Level_Tunnel_Closed_Dynamic"}
{"name":"Tunnel_Complex_06","class":"SFXSpace","persistentId":"a4484313-408d-436d-ab27-349b38fcfe1e","__parent":"Snapshots","position":[-111.081963,285.698151,90.858963],"locked":true,"rotationMatrix":[-0.258627564,-0.96591872,0.01058973,0.964645922,-0.257680476,0.0553011112,-0.0506876372,0.0245177448,0.998413503],"scale":[44.8966675,47.7776718,10],"soundAmbience":"Level_Tunnel_Closed_Dynamic"}
{"name":"Tunnel_Complex_07","class":"SFXSpace","persistentId":"79d71a3c-579e-4f29-ae68-8f36e8e593b6","__parent":"Snapshots","position":[-159.204605,284.049561,86.0641861],"locked":true,"rotationMatrix":[-0.258844197,-0.96591872,0.000188525766,0.961644471,-0.257680476,0.0940196216,-0.0907667875,0.0245177448,0.995570242],"scale":[26.9096508,47.7776718,9.73948383],"soundAmbience":"Level_Tunnel_Closed_Dynamic"}
{"name":"Tunnel_Complex_08","class":"SFXSpace","persistentId":"f4ee6d0b-4ac3-49de-b14a-11cc74dd7cd9","__parent":"Snapshots","position":[-203.660522,279.592377,83.022728],"locked":true,"rotationMatrix":[0.0437973589,-0.999039948,-0.000596881786,0.996139467,0.0436246693,0.076170519,-0.076071389,-0.00393064506,0.997094512],"scale":[26.9096508,47.7776718,9.73948383],"soundAmbience":"Level_Tunnel_Closed_Dynamic"}
{"name":"Tunnel_Complex_09","class":"SFXSpace","persistentId":"7e57a555-ca02-4484-b65c-c0ec7eef758b","__parent":"Snapshots","position":[-247.069717,278.397644,81.0242081],"locked":true,"rotationMatrix":[0.0437973589,-0.999039948,-0.000596881786,0.996139467,0.0436246693,0.076170519,-0.076071389,-0.00393064506,0.997094512],"scale":[26.9096508,47.7776718,9.73948383],"soundAmbience":"Level_Tunnel_Closed_Dynamic"}
{"name":"Tunnel_Complex_10","class":"SFXSpace","persistentId":"a14a3660-547a-41df-ac88-bc03e407b794","__parent":"Snapshots","position":[-300.05249,266.561584,78.2804871],"locked":true,"rotationMatrix":[-0.210115254,-0.977675974,-0.000596881786,0.974826038,-0.209549278,0.076170519,-0.074595198,0.0154227419,0.997094512],"scale":[26.9096508,47.7776718,11.3393402],"soundAmbience":"Level_Tunnel_Closed_Dynamic"}
{"name":"Tunnel_Complex_11","class":"SFXSpace","persistentId":"eacd693c-5b68-460b-bd2d-c2b9df86a621","__parent":"Snapshots","position":[-334.331757,284.493073,78.2804871],"locked":true,"rotationMatrix":[-0.692842841,-0.719921887,-0.0409878157,0.71896112,-0.694044709,0.0373521037,-0.055337999,-0.00358955935,0.998461068],"scale":[26.9096508,47.7776718,11.3393402],"soundAmbience":"Level_Tunnel_Closed_Dynamic"}
{"name":"Tunnel_Complex_12","class":"SFXSpace","persistentId":"114691b5-2d0e-4f4f-8785-5e32e8447a05","__parent":"Snapshots","position":[-380.840912,368.951813,78.2804871],"locked":true,"rotationMatrix":[-0.835067213,-0.548617423,-0.0409878157,0.547414303,-0.836026549,0.0373521037,-0.0547589548,0.00875415653,0.998461068],"scale":[26.9096508,128.60376,12.8079281],"soundAmbience":"Level_Tunnel_Closed_Dynamic"}
{"name":"Tunnel_Complex_13","class":"SFXSpace","persistentId":"401171f7-8225-4732-8503-38b7fb35b9dd","__parent":"Snapshots","position":[-441.179718,455.877411,75.9850922],"locked":true,"rotationMatrix":[-0.911793113,-0.408597112,-0.0409878157,0.407256514,-0.912548482,0.0373521037,-0.0526653752,0.0173647963,0.998461068],"scale":[26.9096508,84.427475,12.8079281],"soundAmbience":"Level_Tunnel_Closed_Dynamic"}
{"name":"Tunnel_Complex_14","class":"SFXSpace","persistentId":"db8476df-53e3-49eb-b56a-d5607631915a","__parent":"Snapshots","position":[-448.84848,516.115234,75.9850922],"locked":true,"rotationMatrix":[-0.989781201,0.13656956,-0.0409878157,-0.138106734,-0.989711523,0.0373521037,-0.0354650095,0.0426310934,0.998461068],"scale":[26.9096508,84.427475,12.8079281],"soundAmbience":"Level_Tunnel_Closed_Dynamic"}
{"name":"Tunnel_Complex_15","class":"SFXSpace","persistentId":"1c6c2149-83ef-4b8e-84a6-2cdca83bb831","__parent":"Snapshots","position":[-431.320465,551.923401,76.4904251],"locked":true,"rotationMatrix":[-0.704639792,0.708378553,-0.0409878157,-0.709559262,-0.703652918,0.0373521037,-0.00238182023,0.0554030873,0.998461068],"scale":[26.9096508,86.5159836,12.8079281],"soundAmbience":"Level_Tunnel_Closed_Dynamic"}
{"name":"Tunnel_Complex_16","class":"SFXSpace","persistentId":"98b86810-1fb7-428c-8d6e-f1eef2b6ab8e","__parent":"Snapshots","position":[-367.029388,309.711853,77.0323715],"locked":true,"rotationMatrix":[-0.965106308,-0.258625716,-0.0409878157,0.257182121,-0.965639234,0.0373521037,-0.0492397025,0.0255073849,0.998461068],"scale":[26.9096508,84.427475,12.8079281],"soundAmbience":"Level_Tunnel_Closed_Dynamic"}
{"name":"Tunnel_Complex_17","class":"SFXSpace","persistentId":"ff75420f-0146-4fb4-a9e7-b35a1144ba98","__parent":"Snapshots","position":[-322.955078,253.654572,77.0323715],"locked":true,"rotationMatrix":[-0.564246774,-0.82458657,-0.0409878157,0.823837638,-0.565591037,0.0373521037,-0.0539823957,-0.0126915555,0.998461068],"scale":[62.666893,84.427475,12.8079281],"soundAmbience":"Level_Tunnel_Closed_Dynamic"}
{"name":"Tunnel_Complex_18","class":"SFXSpace","persistentId":"4d799974-e991-4e3d-81da-d5eccbd5ab1f","__parent":"Snapshots","position":[-236.382156,253.654572,77.0323715],"locked":true,"rotationMatrix":[-0.087341845,-0.99571079,-0.030469954,0.99533999,-0.0884810388,0.0382890254,-0.0408208035,-0.0269837547,0.998801768],"scale":[62.666893,93.0802765,12.8079281],"soundAmbience":"Level_Tunnel_Closed_Dynamic"}
{"name":"Tunnel_Complex_19","class":"SFXSpace","persistentId":"ab40f2ba-0583-49d0-8c77-09b5c35b7d68","__parent":"Snapshots","position":[-147.853943,225.684341,77.8304901],"locked":true,"rotationMatrix":[-0.391461611,-0.919688165,-0.030469954,0.918982744,-0.392429918,0.0382890254,-0.0471712872,-0.0130127044,0.998801768],"scale":[31.369482,93.0802765,12.8079281],"soundAmbience":"Level_Tunnel_Closed_Dynamic"}
{"name":"Tunnel_Complex_20","class":"SFXSpace","persistentId":"94c794aa-bc66-4887-bebc-56b1ef78652c","__parent":"Snapshots","position":[-126.988274,185.769379,81.5269089],"locked":true,"rotationMatrix":[-0.952817678,-0.302003622,-0.030469954,0.300809383,-0.952913165,0.0382890254,-0.0405986644,0.0273167975,0.998801768],"scale":[31.369482,93.0802765,12.8079281],"soundAmbience":"Level_Tunnel_Closed_Dynamic"}
{"name":"Tunnel_Complex_21","class":"SFXSpace","persistentId":"94ba1ffd-3aea-4040-9cde-96b2d5ff66f1","__parent":"Snapshots","position":[-111.648163,109.768456,87.2625198],"locked":true,"rotationMatrix":[-0.952817678,-0.302003622,-0.030469954,0.300809383,-0.952913165,0.0382890254,-0.0405986644,0.0273167975,0.998801768],"scale":[31.369482,93.0802765,12.8079281],"soundAmbience":"Level_Tunnel_Closed_Dynamic"}
{"name":"Tunnel_Complex_22","class":"SFXSpace","persistentId":"0cf066ed-d087-4b3d-831a-abc3f746bf66","__parent":"Snapshots","position":[-62.0594444,91.8669815,90.4107513],"locked":true,"rotationMatrix":[0.136441499,-0.990177333,-0.030469954,0.990069389,0.135248303,0.0382890254,-0.0337919034,-0.0353916027,0.998801768],"scale":[31.369482,93.0802765,12.8079281],"soundAmbience":"Level_Tunnel_Closed_Dynamic"}
{"name":"Tunnel_Complex_23","class":"SFXSpace","persistentId":"c6bf3548-29a4-47ab-8f79-98daec33e4d8","__parent":"Snapshots","position":[-1.52087879,131.950806,95.5443649],"locked":true,"rotationMatrix":[0.902184069,-0.430268735,-0.030469954,0.431206226,0.901438117,0.0382890254,0.0109922308,-0.0476825871,0.998801768],"scale":[31.369482,93.0802765,12.8079281],"soundAmbience":"Level_Tunnel_Closed_Dynamic"}
{"name":"Tunnel_Complex_24","class":"SFXSpace","persistentId":"a7face38-93d6-4e4e-86fa-ece91e5371ec","__parent":"Snapshots","position":[14.0865192,203.474915,97.7697678],"locked":true,"rotationMatrix":[0.992888212,-0.115065962,-0.030469954,0.116194457,0.992485881,0.0382890254,0.0258352589,-0.0415571593,0.998801768],"scale":[31.369482,93.0802765,12.8079281],"soundAmbience":"Level_Tunnel_Closed_Dynamic"}
{"name":"Tunnel_Complex_25","class":"SFXSpace","persistentId":"74123938-1be0-432f-afe2-61813f7eced1","__parent":"Snapshots","position":[25.593998,286.726288,101.37751],"locked":true,"rotationMatrix":[0.992888212,-0.115065962,-0.030469954,0.116194457,0.992485881,0.0382890254,0.0258352589,-0.0415571593,0.998801768],"scale":[31.369482,93.0802765,12.8079281],"soundAmbience":"Level_Tunnel_Closed_Dynamic"}
{"name":"Tunnel_Complex_26","class":"SFXSpace","persistentId":"aa219fd8-b4a4-4ce8-b357-bfea5056f2b7","__parent":"Snapshots","position":[51.1368523,277.541351,101.37751],"locked":true,"rotationMatrix":[0.930648923,0.36463657,-0.030469954,-0.363451302,0.930823624,0.0382890254,0.0423237495,-0.0245592836,0.998801768],"scale":[31.369482,93.0802765,12.8079281],"soundAmbience":"Level_Tunnel_Closed_Dynamic"}
{"name":"Tunnel_Complex_27","class":"SFXSpace","persistentId":"5456bf19-2121-4137-ac9e-d33a388a7bf1","__parent":"Snapshots","position":[102.346802,241.405823,95.8768845],"locked":true,"rotationMatrix":[-0.0931171179,0.995186567,-0.030469954,-0.995026767,-0.0919297636,0.0382890254,0.0353036225,0.0338838026,0.998801768],"scale":[31.369482,93.0802765,12.8079281],"soundAmbience":"Level_Tunnel_Closed_Dynamic"}
{"name":"Tunnel_Complex_28","class":"SFXSpace","persistentId":"d52a336f-b7d0-4810-a459-18f46fec7c9d","__parent":"Snapshots","position":[153.029205,282.128693,89.2303009],"locked":true,"rotationMatrix":[-0.99925065,0.0237704441,-0.030469954,-0.0249309987,-0.998953223,0.0382890254,-0.0295279305,0.0390199758,0.998801768],"scale":[31.369482,93.0802765,12.8079281],"soundAmbience":"Level_Tunnel_Closed_Dynamic"}
{"name":"Tunnel_Complex_29","class":"SFXSpace","persistentId":"1d47411b-702a-47c8-b6a5-090d61a1b128","__parent":"Snapshots","position":[128.753021,347.015198,83.6927643],"locked":true,"rotationMatrix":[-0.639861345,-0.767882884,-0.030469954,0.766928434,-0.640585423,0.0382890254,-0.0489201024,0.00113137625,0.998801768],"scale":[31.369482,93.0802765,18.1564674],"soundAmbience":"Level_Tunnel_Closed_Dynamic"}
{"name":"Tunnel_Complex_30","class":"SFXSpace","persistentId":"b491af6b-b8ed-43a1-856a-5d5f748f6421","__parent":"Snapshots","position":[74.663269,415.714142,78.3578796],"locked":true,"rotationMatrix":[-0.639861345,-0.767882884,-0.030469954,0.766928434,-0.640585423,0.0382890254,-0.0489201024,0.00113137625,0.998801768],"scale":[47.7035065,93.0802765,18.1564674],"soundAmbience":"Level_Tunnel_Closed_Dynamic"}
{"name":"Tunnel_Complex_31","class":"SFXSpace","persistentId":"631ee8c3-8fd4-40a1-be9a-668f33c7f063","__parent":"Snapshots","position":[47.2294846,445.817017,78.3578796],"locked":true,"rotationMatrix":[-0.699090719,-0.714379907,-0.030469954,0.71337074,-0.699736357,0.0382890254,-0.048673857,0.00503111072,0.998801768],"scale":[47.7035065,99.7486649,18.1564674],"soundAmbience":"Level_Tunnel_Closed_Dynamic"}
{"name":"Tunnel_Complex_32","class":"SFXSpace","persistentId":"a7d6ad1e-6f82-44cb-bd46-9503e53d8881","__parent":"Snapshots","position":[104.797531,392.999634,78.3578796],"locked":true,"rotationMatrix":[-0.697529435,-0.714379907,0.0557561591,0.712662816,-0.699736357,-0.0497530513,0.0745577812,0.00503111072,0.997203529],"scale":[47.7035065,93.0802765,18.1564674],"soundAmbience":"Level_Tunnel_Closed_Dynamic"}
{"name":"Tunnel_Complex_33","class":"SFXSpace","persistentId":"c61e7e28-94f1-49a9-bef2-91ded6a5f824","__parent":"Snapshots","position":[164.954208,333.426483,78.3578796],"locked":true,"rotationMatrix":[-0.954775214,-0.292044431,0.0557561591,0.289478987,-0.955887437,-0.0497530513,0.0678272247,-0.0313630402,0.997203529],"scale":[47.7035065,93.0802765,18.1564674],"soundAmbience":"Level_Tunnel_Closed_Dynamic"}
{"name":"Tunnel_Complex_34","class":"SFXSpace","persistentId":"83137030-0fc9-40a5-b3cc-2aec129acd58","__parent":"Snapshots","position":[151.745041,260.666992,78.3578796],"locked":true,"rotationMatrix":[-0.866316497,0.496368289,0.0557561591,-0.498934865,-0.865206897,-0.0497530513,0.0235449113,-0.0709211528,0.997203529],"scale":[51.7492561,107.075485,18.1564674],"soundAmbience":"Level_Tunnel_Closed_Dynamic"}
{"name":"Tunnel_Complex_35","class":"SFXSpace","persistentId":"12fc8b3a-d7c0-4f32-b566-268173d0ae4b","__parent":"Snapshots","position":[93.1613617,200.78183,78.3578796],"locked":true,"rotationMatrix":[-0.264135391,0.962869763,0.0557561591,-0.963906884,-0.261538684,-0.0497530513,-0.0333236232,-0.0668857843,0.997203529],"scale":[51.7492561,107.075485,18.1564674],"soundAmbience":"Level_Tunnel_Closed_Dynamic"}
{"name":"Tunnel_Complex_36","class":"SFXSpace","persistentId":"e35674d3-6e2d-4a89-b678-8bba2e1f9735","__parent":"Snapshots","position":[21.2387314,200.78183,78.3578796],"locked":true,"rotationMatrix":[0.249650404,0.966726542,0.0557561591,-0.966335058,0.252419025,-0.0497530513,-0.0621720254,-0.0414585397,0.997203529],"scale":[51.7492561,107.075485,18.1564674],"soundAmbience":"Level_Tunnel_Closed_Dynamic"}
{"name":"Tunnel_Complex_37","class":"SFXSpace","persistentId":"3b138495-650b-4dc1-b153-e66a774b9360","__parent":"Snapshots","position":[-75.8995056,217.390549,80.2107925],"locked":true,"rotationMatrix":[0.249650404,0.966726542,0.0557561591,-0.966335058,0.252419025,-0.0497530513,-0.0621720254,-0.0414585397,0.997203529],"scale":[110.092674,107.075485,37.6713829],"soundAmbience":"Level_Tunnel_Closed_Dynamic"}
{"name":"Tunnel_Complex_38","class":"SFXSpace","persistentId":"2ea4de64-b0af-49a6-a7fa-68e16528edae","__parent":"Snapshots","position":[-164.825333,238.08461,66.6500626],"locked":true,"rotationMatrix":[0.249650404,0.966726542,0.0557561591,-0.966335058,0.252419025,-0.0497530513,-0.0621720254,-0.0414585397,0.997203529],"scale":[110.092674,107.075485,37.6713829],"soundAmbience":"Level_Tunnel_Closed_Dynamic"}
{"name":"Tunnel_Complex_39","class":"SFXSpace","persistentId":"896f9b6a-049b-4422-8a51-2d4a0dc062a9","__parent":"Snapshots","position":[-269.524048,225.792496,66.6500626],"locked":true,"rotationMatrix":[-0.0150392503,0.99832809,0.0557561591,-0.998683095,-0.012265712,-0.0497530513,-0.0489864014,-0.0564313866,0.997203529],"scale":[110.092674,107.075485,37.6713829],"soundAmbience":"Level_Tunnel_Closed_Dynamic"}
{"name":"Tunnel_Complex_In_01","class":"SFXEmitter","persistentId":"0deae721-4236-40fe-a125-b758a3b549bc","__parent":"Snapshots","position":[-8.10297394,383.521393,101.028458],"fadeInTime":0,"fadeOutTime":0,"isLooping":false,"locked":true,"maxDistance":18,"referenceDistance":6,"scale":[18,18,18],"track":"event:>Snapshot Events>Snapshot_WC_Tunnel_Complex_In_01","useTrackDescriptionOnly":true}
{"name":"Tunnel_Complex_In_02","class":"SFXEmitter","persistentId":"c6bebc4c-aa53-495c-b6cf-a64bff4785cb","__parent":"Snapshots","position":[-397.778717,579.383118,74.9636002],"fadeInTime":0,"fadeOutTime":0,"isLooping":false,"locked":true,"maxDistance":17,"referenceDistance":6,"scale":[17,17,17],"track":"event:>Snapshot Events>Snapshot_WC_Tunnel_Complex_In_02","useTrackDescriptionOnly":true}
{"name":"Tunnel_Complex_In_03","class":"SFXEmitter","persistentId":"b1a64629-f7cd-4aa0-871f-558bc79574f3","__parent":"Snapshots","position":[2.76036167,471.268646,77.3767776],"fadeInTime":0,"fadeOutTime":0,"isLooping":false,"locked":true,"maxDistance":20,"referenceDistance":6,"scale":[20,20,20],"track":"event:>Snapshot Events>Snapshot_WC_Tunnel_Complex_In_03","useTrackDescriptionOnly":true}
{"name":"Tunnel_Complex_In_1","class":"SFXEmitter","persistentId":"1391d32f-44e3-4a48-952d-252329d1f5b5","__parent":"Snapshots","position":[-13.3861885,379.131714,101.027275],"fadeInTime":0,"fadeOutTime":0,"isLooping":false,"locked":true,"maxDistance":18,"referenceDistance":6,"scale":[18,18,18],"track":"event:>Snapshot Events>Snapshot_WC_Tunnel_Complex_In_01","useTrackDescriptionOnly":true}
{"name":"Tunnel_Highway_01","class":"SFXSpace","persistentId":"4913e193-41cf-45a5-87a0-24a5c54bad61","__parent":"Snapshots","position":[1000.59015,435.521851,150.149384],"locked":true,"rotationMatrix":[0.996873736,-0.0790086389,0,0.0790086389,0.996873736,0,0,0,1],"scale":[15.5701265,51.3054771,9.40138817],"soundAmbience":"Level_Tunnel_Closed_Dynamic"}
{"name":"Tunnel_Highway_02","class":"SFXSpace","persistentId":"4714d71f-a04e-44de-933b-dfc772023fbd","__parent":"Snapshots","position":[1007.09705,458.988892,148.819046],"locked":true,"rotationMatrix":[0.996873736,-0.0790086389,0,0.0790086389,0.996873736,0,0,0,1],"scale":[21.3339996,41.819252,9.40138817],"soundAmbience":"Level_Tunnel_Closed_Dynamic"}
{"name":"Tunnel_Highway_03","class":"SFXSpace","persistentId":"ad48f4ee-d8cf-4fd4-9d10-f6f94c97de56","__parent":"Snapshots","position":[1015.60632,498.434143,148.819046],"locked":true,"rotationMatrix":[0.984717906,-0.17415458,0,0.17415458,0.984717906,0,0,0,1],"scale":[21.3339996,41.819252,9.40138817],"soundAmbience":"Level_Tunnel_Closed_Dynamic"}
{"name":"Tunnel_Highway_04","class":"SFXSpace","persistentId":"c22fa910-8cdf-4aad-b69e-d378fbd55943","__parent":"Snapshots","position":[1031.2749,539.135315,146.950714],"locked":true,"rotationMatrix":[0.932067335,-0.362283885,0,0.362283885,0.932067335,0,0,0,1],"scale":[21.3339996,53.7487869,10.3744965],"soundAmbience":"Level_Tunnel_Closed_Dynamic"}
{"name":"Tunnel_Highway_05","class":"SFXSpace","persistentId":"c75eea38-a286-4a01-be73-ff9f82518ec9","__parent":"Snapshots","position":[1068.53796,601.283264,146.950714],"locked":true,"rotationMatrix":[0.79043597,-0.612543941,0,0.612543941,0.79043597,0,0,0,1],"scale":[21.3339996,101.287735,10.3744965],"soundAmbience":"Level_Tunnel_Closed_Dynamic"}
{"name":"Tunnel_Highway_06","class":"SFXSpace","persistentId":"6e01e185-abf6-43da-b6a2-75ce91c4eae5","__parent":"Snapshots","position":[1120.24976,662.203857,143.809052],"locked":true,"rotationMatrix":[0.706409216,-0.707802951,0,0.707802951,0.706409216,0,0,0,1],"scale":[107.500763,101.287735,17.9871674],"soundAmbience":"Level_Tunnel_Closed_Dynamic"}
{"name":"Tunnel_Highway_07","class":"SFXSpace","persistentId":"986ae121-f751-4ec4-bac2-04eb9b9b02e6","__parent":"Snapshots","position":[1165.00476,727.810547,137.131775],"locked":true,"rotationMatrix":[0.706409216,-0.707802951,0,0.707802951,0.706409216,0,0,0,1],"scale":[50.0235023,28.9734726,20.9664574],"soundAmbience":"Level_Tunnel_Closed_Dynamic"}
{"name":"Tunnel_Highway_08","class":"SFXSpace","persistentId":"26272113-80b8-4529-a7c5-328b7fd9c935","__parent":"Snapshots","position":[1168.15198,745.722595,135.977051],"locked":true,"rotationMatrix":[0.936229587,-0.351387411,0,0.351387411,0.936229587,0,0,0,1],"scale":[50.0235023,28.9734726,20.9664574],"soundAmbience":"Level_Tunnel_Closed_Dynamic"}
{"name":"Tunnel_Highway_09","class":"SFXSpace","persistentId":"33066f66-81ae-4676-949f-bd3752e6f775","__parent":"Snapshots","position":[1181.61462,778.322571,134.661591],"locked":true,"rotationMatrix":[0.990934253,-0.134151429,0.00718666846,0.134343803,0.989515305,-0.053009633,0,0.0534946024,0.998568058],"scale":[44.3759193,44.8152847,16.9913559],"soundAmbience":"Level_Tunnel_Closed_Dynamic"}
{"name":"Tunnel_Highway_10","class":"SFXSpace","persistentId":"a82a5862-1be1-497b-85c6-bfa85ff75cde","__parent":"Snapshots","position":[1177.49146,823.891968,131.373535],"locked":true,"rotationMatrix":[0.926849723,0.375362039,0.00718666846,-0.374490738,0.925713301,-0.053009633,-0.0265506264,0.0464406721,0.998568058],"scale":[44.4410858,72.6014328,13.7166491],"soundAmbience":"Level_Tunnel_Closed_Dynamic"}
{"name":"Tunnel_Highway_11","class":"SFXSpace","persistentId":"c986bba5-83b8-41f1-88f6-b9258bcf46d1","__parent":"Snapshots","position":[1145.98376,873.442322,124.653],"locked":true,"rotationMatrix":[0.637821496,0.769171715,0.0394611135,-0.764207721,0.638411582,-0.091736123,-0.0957533866,0.0283548143,0.995001137],"scale":[44.4410858,72.6014328,13.7166491],"soundAmbience":"Level_Tunnel_Closed_Dynamic"}
{"name":"Tunnel_Highway_12","class":"SFXSpace","persistentId":"1a441255-01ab-4d95-8306-09082a379b02","__parent":"Snapshots","position":[1121.99585,899.987061,121.743866],"locked":true,"rotationMatrix":[0.218905598,0.975159526,0.0337725691,-0.974323809,0.220322564,-0.0463311076,-0.052621156,-0.0227633473,0.998353839],"scale":[44.4410858,73.2001038,16.0989704],"soundAmbience":"Level_Tunnel_Closed_Dynamic"}
{"name":"Tunnel_Highway_13","class":"SFXSpace","persistentId":"effc2b6b-a8f7-4f50-a280-06e019560eef","__parent":"Snapshots","position":[1059.95898,658.418945,140.573349],"locked":true,"rotationMatrix":[-0.318232328,0.947409987,0.0337726362,-0.947429895,-0.316587448,-0.0463311486,-0.0332026035,-0.0467413254,0.998355031],"scale":[34.8165169,72.6014328,13.7166491],"soundAmbience":"Level_Tunnel_Closed_Dynamic"}
{"name":"Tunnel_Highway_14","class":"SFXSpace","persistentId":"0e1ce76d-cc57-4e7d-942f-1f79cae9d0da","__parent":"Snapshots","position":[992.460876,635.651184,134.332733],"locked":true,"rotationMatrix":[-0.317065507,0.947409987,0.0433799326,-0.948397398,-0.316587448,-0.0176614579,-0.0029990403,-0.0467413254,0.998902321],"scale":[34.8165169,72.6014328,14.2477751],"soundAmbience":"Level_Tunnel_Closed_Dynamic"}
{"name":"Tunnel_Highway_15","class":"SFXSpace","persistentId":"e0c8415a-761c-49ee-bfaf-74eac2bc2d79","__parent":"Snapshots","position":[928.245239,613.05603,134.736053],"locked":true,"rotationMatrix":[-0.317065507,0.947409987,0.0433799326,-0.948397398,-0.316587448,-0.0176614579,-0.0029990403,-0.0467413254,0.998902321],"scale":[37.7308846,72.6014328,14.2477751],"soundAmbience":"Level_Tunnel_Closed_Dynamic"}
{"name":"Tunnel_Highway_16","class":"SFXSpace","persistentId":"44089e85-10f8-411c-acc8-d73fd6fc8d5b","__parent":"Snapshots","position":[879.636536,613.05603,134.736053],"locked":true,"rotationMatrix":[-0.0838225633,0.995534897,0.0433799326,-0.996381044,-0.0831243843,-0.0176614579,-0.0139766261,-0.0447034575,0.998902321],"scale":[34.8165169,72.6014328,17.3276348],"soundAmbience":"Level_Tunnel_Closed_Dynamic"}
{"name":"Tunnel_Highway_17","class":"SFXSpace","persistentId":"6670a62f-6991-4215-8f45-572e14a6573f","__parent":"Snapshots","position":[816.558289,617.324036,130.170837],"locked":true,"rotationMatrix":[0.14801091,0.98685509,0.0648655891,-0.975186706,0.156548977,-0.156524107,-0.164621606,-0.0400888883,0.985541523],"scale":[34.8165169,72.6014328,17.3276348],"soundAmbience":"Level_Tunnel_Closed_Dynamic"}
{"name":"Tunnel_Highway_18","class":"SFXSpace","persistentId":"efe6a7f7-909f-4b18-9cbe-d45698ca95bf","__parent":"Snapshots","position":[944.18335,612.709473,132.993454],"locked":true,"rotationMatrix":[-0.397101849,0.917187214,0.0327907056,-0.91772753,-0.397182763,-0.00428378955,0.00909495354,-0.0317940712,0.99945271],"scale":[34.8165169,72.6014328,17.3276348],"soundAmbience":"Level_Tunnel_Closed_Dynamic"}
{"name":"Tunnel_Highway_19","class":"SFXSpace","persistentId":"59ffc7f6-8d1e-472f-8cab-ed130c5ae0f8","__parent":"Snapshots","position":[905.233093,580.9953,135.836975],"locked":true,"rotationMatrix":[-0.775806546,0.630116224,0.0327907056,-0.630558014,-0.776127815,-0.00428378955,0.02275059,-0.0239998288,0.99945271],"scale":[34.8165169,72.6014328,17.3276348],"soundAmbience":"Level_Tunnel_Closed_Dynamic"}
{"name":"Tunnel_Highway_20","class":"SFXSpace","persistentId":"54cb30de-d7c1-4074-97e7-93313e8c2156","__parent":"Snapshots","position":[884.84137,530.728943,139.644012],"locked":true,"rotationMatrix":[-0.992301583,0.121424749,0.0243091099,-0.1196163,-0.990650594,0.0655675083,0.0320434384,0.0621552393,0.997551501],"scale":[34.8165169,72.6014328,17.3276348],"soundAmbience":"Level_Tunnel_Closed_Dynamic"}
{"name":"Tunnel_Highway_21","class":"SFXSpace","persistentId":"8c7351f6-fe72-4898-8be8-eb9837cf0b5e","__parent":"Snapshots","position":[893.4505,464.162872,139.644012],"locked":true,"rotationMatrix":[-0.98021394,-0.196435541,0.0243091099,0.197633803,-0.978078485,0.0655675083,0.0108964313,0.0690747648,0.997551501],"scale":[34.8165169,72.6014328,17.3276348],"soundAmbience":"Level_Tunnel_Closed_Dynamic"}
{"name":"Tunnel_Highway_22","class":"SFXSpace","persistentId":"95f3ea29-a60c-47f0-860f-9212abebc33b","__parent":"Snapshots","position":[910.543701,403.521149,144.200439],"locked":true,"rotationMatrix":[-0.94719559,-0.31972909,0.0243091099,0.320645541,-0.944924891,0.0655675083,0.00200641062,0.0699001402,0.997551501],"scale":[30.2868576,123.545891,17.3276348],"soundAmbience":"Level_Tunnel_Closed_Dynamic"}
{"name":"Tunnel_Highway_In_01","class":"SFXEmitter","persistentId":"ebb12b82-9912-4088-ab86-34054ada1880","__parent":"Snapshots","position":[1087.4646,917.801331,123.936111],"fadeInTime":0,"fadeOutTime":0,"isLooping":false,"locked":true,"maxDistance":32,"referenceDistance":7,"scale":[32,32,32],"track":"event:>Snapshot Events>Snapshot_WC_Tunnel_Highway_In_01","useTrackDescriptionOnly":true}
{"name":"Tunnel_Highway_In_02","class":"SFXEmitter","persistentId":"a31150d1-1eb4-4ce3-a12d-b8513f9e61de","__parent":"Snapshots","position":[1083.16882,895.258911,123.177376],"fadeInTime":0,"fadeOutTime":0,"isLooping":false,"locked":true,"maxDistance":32,"referenceDistance":7,"scale":[32,32,32],"track":"event:>Snapshot Events>Snapshot_WC_Tunnel_Highway_In_02","useTrackDescriptionOnly":true}
{"name":"Tunnel_Highway_In_03","class":"SFXEmitter","persistentId":"ba19dff9-db8c-44e4-9958-b14dcc7c2eee","__parent":"Snapshots","position":[940.383667,348.628448,150.562973],"fadeInTime":0,"fadeOutTime":0,"isLooping":false,"locked":true,"maxDistance":12,"referenceDistance":6,"scale":[12,12,12],"track":"event:>Snapshot Events>Snapshot_WC_Tunnel_Highway_In_03","useTrackDescriptionOnly":true}
{"name":"Tunnel_Highway_In_04","class":"SFXEmitter","persistentId":"9e973514-4156-449d-bea8-4fed37cce183","__parent":"Snapshots","position":[997.678406,410.026154,152.079041],"fadeInTime":0,"fadeOutTime":0,"isLooping":false,"locked":true,"maxDistance":20,"referenceDistance":5,"scale":[20,20,20],"track":"event:>Snapshot Events>Snapshot_WC_Tunnel_Highway_In_04","useTrackDescriptionOnly":true}
{"name":"Tunnel_Woods_01","class":"SFXSpace","persistentId":"0f068e40-6ad9-4033-b12f-936ad19a637b","__parent":"Snapshots","position":[-1069.15796,-878.636108,120.765938],"locked":true,"rotationMatrix":[-0.698431253,-0.715262055,0.0243091099,0.715046406,-0.695992112,0.0655675083,-0.0299791582,0.0631767735,0.997551501],"scale":[16.1090355,41.023941,16.1318111],"soundAmbience":"Level_Tunnel_Closed"}
{"name":"Tunnel_Woods_02","class":"SFXSpace","persistentId":"ec9198e1-4a64-408a-a8d3-725f641f1dc1","__parent":"Snapshots","position":[-1040.5907,-901.654785,122.784622],"locked":true,"rotationMatrix":[-0.562742829,-0.826272488,0.0243091099,0.825634003,-0.56037885,0.0655675083,-0.0405545123,0.0569682792,0.997551501],"scale":[23.3501701,41.023941,16.1318111],"soundAmbience":"Level_Tunnel_Closed"}
{"name":"Tunnel_Woods_03","class":"SFXSpace","persistentId":"893bbc6f-3e7f-4296-bce1-8d6d344f0ff4","__parent":"Snapshots","position":[-1005.18048,-911.953308,122.054802],"locked":true,"rotationMatrix":[-0.131698221,-0.990989923,0.0243091099,0.98935771,-0.129872829,0.0655675083,-0.061819911,0.0326856263,0.997551501],"scale":[23.3501701,41.023941,16.1318111],"soundAmbience":"Level_Tunnel_Closed"}
{"name":"Tunnel_Woods_04","class":"SFXSpace","persistentId":"9ee45685-0272-437b-af94-8196aa396d1b","__parent":"Snapshots","position":[-969.167419,-923.896301,122.421333],"locked":true,"rotationMatrix":[-0.131698221,-0.990989923,0.0243091099,0.98935771,-0.129872829,0.0655675083,-0.061819911,0.0326856263,0.997551501],"scale":[23.3501701,41.023941,16.1318111],"soundAmbience":"Level_Tunnel_Closed"}
{"name":"Tunnel_Woods_05","class":"SFXSpace","persistentId":"410a8395-8b8b-4569-bf33-4f21d085e608","__parent":"Snapshots","position":[-930.030396,-926.21228,123.873825],"locked":true,"rotationMatrix":[-0.131698221,-0.990989923,0.0243091099,0.98935771,-0.129872829,0.0655675083,-0.061819911,0.0326856263,0.997551501],"scale":[23.3501701,41.023941,16.1318111],"soundAmbience":"Level_Tunnel_Closed"}
{"name":"Tunnel_Woods_06","class":"SFXSpace","persistentId":"7621248b-d2fb-4e01-a953-5b764dc1717f","__parent":"Snapshots","position":[-890.017517,-923.964905,118.759544],"locked":true,"rotationMatrix":[0.0755870193,-0.996840894,0.0243091099,0.994867206,0.0770363957,0.0655675083,-0.067233339,0.0192283243,0.997551501],"scale":[23.3501701,41.023941,16.1318111],"soundAmbience":"Level_Tunnel_Closed"}
{"name":"Tunnel_Woods_07","class":"SFXSpace","persistentId":"385f0a9b-e722-42fc-90b4-7d6769feb705","__parent":"Snapshots","position":[-853.797058,-913.945923,121.438568],"locked":true,"rotationMatrix":[0.0755870193,-0.996840894,0.0243091099,0.994867206,0.0770363957,0.0655675083,-0.067233339,0.0192283243,0.997551501],"scale":[23.3501701,41.023941,16.1318111],"soundAmbience":"Level_Tunnel_Closed"}
{"name":"Tunnel_Woods_08","class":"SFXSpace","persistentId":"5f7b37a0-1331-43c7-868d-c90352cba75a","__parent":"Snapshots","position":[-818.220276,-903.145325,125.512268],"locked":true,"rotationMatrix":[0.436500221,-0.899373531,0.0243091099,0.897005379,0.437123239,0.0655675083,-0.0695960298,-0.0068148952,0.997551501],"scale":[23.3501701,41.023941,16.1318111],"soundAmbience":"Level_Tunnel_Closed"}
{"name":"Tunnel_Woods_09","class":"SFXSpace","persistentId":"01e16c9d-f932-4530-b8b5-f97c25967659","__parent":"Snapshots","position":[-784.377502,-885.575989,127.823303],"locked":true,"rotationMatrix":[0.436500221,-0.899373531,0.0243091099,0.897005379,0.437123239,0.0655675083,-0.0695960298,-0.0068148952,0.997551501],"scale":[23.3501701,41.023941,16.1318111],"soundAmbience":"Level_Tunnel_Closed"}
{"name":"Tunnel_Woods_10","class":"SFXSpace","persistentId":"1ba2ab96-1942-41ac-981c-362671cf047f","__parent":"Snapshots","position":[-762.434998,-877.704468,126.624191],"locked":true,"rotationMatrix":[0.556664824,-0.830379069,0.0243091099,0.827947497,0.556954384,0.0655675083,-0.0679852068,-0.0163725596,0.997551501],"scale":[23.3501701,41.023941,10.3525772],"soundAmbience":"Level_Tunnel_Closed"}
{"name":"Level_Garage_Main_001","class":"SFXSpace","persistentId":"1c17c9b5-271f-4d98-9011-26ad2a9b0dfd","__parent":"Snapshots","position":[907.970337,-546.602112,164.623947],"locked":true,"rotationMatrix":[0.992077947,-0.125623807,0,0.125623807,0.992077947,0,0,0,1],"scale":[20.9929352,11.7920246,10],"soundAmbience":"Level_Parking_House"}
{"name":"Level_Garage_Main_002","class":"SFXSpace","persistentId":"98ad6a11-4f60-4b26-8ef7-ea3400ca20f1","__parent":"Snapshots","position":[913.768127,-536.80957,164.623947],"locked":true,"rotationMatrix":[0.992077947,-0.125623807,0,0.125623807,0.992077947,0,0,0,1],"scale":[11.8408413,9.04899216,10],"soundAmbience":"Level_Parking_House"}
{"name":"Level_Garage_Accessory_001","class":"SFXSpace","persistentId":"cbbb2ae4-ca01-4147-8864-b1c2f9336d82","__parent":"Snapshots","position":[897.794067,-545.333191,163.440063],"locked":true,"rotationMatrix":[0.601282239,-0.799036801,0,0.799036801,0.601282239,0,0,0,1],"scale":[6.88623476,6.58975458,10.4746819],"soundAmbience":"Level_Parking_House"}
{"name":"Level_Garage_Accessory_002","class":"SFXSpace","persistentId":"9be2fc94-782f-4ee8-ab30-35ef0ba5a750","__parent":"Snapshots","position":[915.796631,-532.757751,163.440063],"locked":true,"rotationMatrix":[0.534240663,-0.845332503,0,0.845332503,0.534240663,0,0,0,1],"scale":[5.27197647,5.37392378,9.72680473],"soundAmbience":"Level_Parking_House"}
{"name":"Level_Garage_Accessory_003","class":"SFXSpace","persistentId":"cf747f77-2f85-4cee-a8dc-4930e26ee6ef","__parent":"Snapshots","position":[918.04187,-549.662964,162.671814],"locked":true,"rotationMatrix":[0.625993848,-0.779828072,0,0.779828072,0.625993848,0,0,0,1],"scale":[2.28444171,2.54157257,7.72075224],"soundAmbience":"Level_Parking_House"}
{"name":"Level_Garage_Accessory_004","class":"SFXSpace","persistentId":"0295b465-0ff0-434d-a295-8838b262a781","__parent":"Snapshots","position":[907.518005,-539.052429,162.671814],"locked":true,"rotationMatrix":[0.679778099,-0.733417928,0,0.733417928,0.679778099,0,0,0,1],"scale":[2.24274635,2.49518418,7.57983637],"soundAmbience":"Level_Parking_House"}
{"name":"Level_Delivery_Building","class":"SFXSpace","persistentId":"adb0aee1-58e4-4d89-b783-bee8f1dc33b0","__parent":"Snapshots","position":[-757.429321,-573.627197,104.566803],"rotationMatrix":[0.679151237,-0.733998418,0,0.733998418,0.679151237,0,0,0,1],"scale":[40.6661606,18.2161236,15.2204838],"soundAmbience":"Level_Building_Reverb_Medium"}
{"name":"Level_Delivery_Movies_01","class":"SFXSpace","persistentId":"cd0ae36f-7023-40dd-a371-ba68e8cbfb5e","__parent":"Snapshots","position":[-805.254211,-641.88623,105.976982],"rotationMatrix":[0.769015253,-0.63923043,0,0.63923043,0.769015253,0,0,0,1],"scale":[26.9660015,31.6545525,20.0937481],"soundAmbience":"Level_Building_Reverb_Medium"}
{"name":"Level_Delivery_Movies_02","class":"SFXSpace","persistentId":"f4087783-c0c0-48ba-9e5f-fb8ac580b8be","__parent":"Snapshots","position":[-843.05011,-687.921936,106.182213],"rotationMatrix":[0.769015253,-0.63923043,0,0.63923043,0.769015253,0,0,0,1],"scale":[26.9660015,31.6545525,20.0937481],"soundAmbience":"Level_Building_Reverb_Medium"}
{"name":"Level_Delivery_Movies_03","class":"SFXSpace","persistentId":"4b9b967f-5543-4b28-93ed-f648b1a7d668","__parent":"Snapshots","position":[-840.100159,-599.985718,106.182205],"rotationMatrix":[0.75762254,-0.652692974,0,0.652692974,0.75762254,0,0,0,1],"scale":[22.5861721,31.2906723,20.3672581],"soundAmbience":"Level_Building_Reverb_Medium"}
{"name":"Level_Warehouse_01","class":"SFXSpace","persistentId":"4a1d3394-ca42-4d3a-8b5c-5d5ac1028f03","__parent":"Snapshots","position":[-45.1942482,768.065186,72.9714661],"scale":[38.9366798,137.70639,21.7860565],"soundAmbience":"Level_Building_Reverb_Large"}
{"name":"Level_Warehouse_02","class":"SFXSpace","persistentId":"394cbd47-e489-4dd1-9f48-2a70786e798f","__parent":"Snapshots","position":[-9.90179825,824.44519,73.1234055],"scale":[96.7619553,38.7669907,21.7860565],"soundAmbience":"Level_Building_Reverb_Large"}
{"name":"Level_Warehouse_03","class":"SFXSpace","persistentId":"ac6f41fb-0c2c-4dcc-a4be-20f2c01c26fd","__parent":"Snapshots","position":[-50.1670837,829.46228,73.1234055],"rotationMatrix":[0.697728276,-0.716362476,0,0.716362476,0.697728276,0,0,0,1],"scale":[30.9402466,11.6104794,21.7860565],"soundAmbience":"Level_Building_Reverb_Large"}
{"name":"Level_Warehouse_04","class":"SFXSpace","persistentId":"fcf1a868-185f-4343-b4e3-914f52df3b30","__parent":"Snapshots","position":[19.3429756,799.06958,72.9133301],"scale":[38.9366798,89.550705,21.7860565],"soundAmbience":"Level_Building_Reverb_Large"}
{"name":"Level_Warehouse_05","class":"SFXSpace","persistentId":"7b78b459-6004-45d5-aa93-be21b1546675","__parent":"Snapshots","position":[26.532259,754.036316,72.9553223],"scale":[24.4963913,27.668766,21.7860565],"soundAmbience":"Level_Building_Reverb_Large"}
{"name":"Level_Warehouse_06","class":"SFXSpace","persistentId":"8962e9ad-0377-42eb-b2f6-23e1c7be76a0","__parent":"Snapshots","position":[25.8597717,733.812866,73.1603546],"rotationMatrix":[0.921765268,0.387748331,0,-0.387748331,0.921765268,0,0,0,1],"scale":[31.7592735,26.5863342,21.7860565],"soundAmbience":"Level_Building_Reverb_Large"}
{"name":"Level_Warehouse_07","class":"SFXSpace","persistentId":"b59810dc-5eda-424d-baf9-e85931bd8f2f","__parent":"Snapshots","position":[19.2823734,749.822449,73.0089951],"rotationMatrix":[0.921765268,0.387748331,0,-0.387748331,0.921765268,0,0,0,1],"scale":[31.7592735,26.5863342,21.7860565],"soundAmbience":"Level_Building_Reverb_Large"}
{"name":"Level_Warehouse_08","class":"SFXSpace","persistentId":"3b182055-c545-4f20-9698-d183e9cf2f74","__parent":"Snapshots","position":[-56.6512527,700.822937,73.1234055],"rotationMatrix":[0.711661458,-0.702522516,0,0.702522516,0.711661458,0,0,0,1],"scale":[12.357213,11.6104794,21.7860565],"soundAmbience":"Level_Building_Reverb_Large"}
{"name":"Level_Warehouse_09","class":"SFXSpace","persistentId":"57bc589a-df74-470e-9114-a892a060bee5","__parent":"Snapshots","position":[-41.7858543,725.504578,73.0338821],"rotationMatrix":[0.99999994,-0.000309561903,0,0.000309561903,0.99999994,0,0,0,1],"scale":[32.2305794,65.3442459,21.7860565],"soundAmbience":"Level_Building_Reverb_Large"}
