{"name":"lapSplit3","class":"BeamNGTrigger","persistentId":"15993bb0-254d-45d0-9f01-6237a0eb7517","__parent":"mp_cell_tower_group","position":[-170.241013,-934.917358,134.71199],"luaFunction":"onBeamNGTrigger","rotationMatrix":[-0.392872095,-0.919593215,0,0.919593215,-0.392872095,0,0,0,1],"scale":[39.6661301,2,6],"triggerColor":[0,255,255,20]}
{"name":"stop","class":"BeamNGTrigger","persistentId":"27e646e1-0c3d-4628-91c6-416c0c30ec8e","__parent":"mp_cell_tower_group","position":[-605.625305,-628.169922,189.02153],"luaFunction":"onBeamNGTrigger","rotationMatrix":[0.286646545,-0.958036244,0,0.958036244,0.286646545,0,0,0,1],"scale":[11.6674318,2,6],"triggerColor":[0,255,0,20]}
{"name":"lapSplit2","class":"BeamNGTrigger","persistentId":"3bcafc76-b58c-48a2-b71c-5426a87a0bd9","__parent":"mp_cell_tower_group","position":[153.889618,-674.148804,138.380493],"luaFunction":"onBeamNGTrigger","rotationMatrix":[0.580351055,-0.814366341,0,0.814366341,0.580351055,0,0,0,1],"scale":[39.6661301,2,6],"triggerColor":[0,255,255,20]}
{"name":"lapSplit4","class":"BeamNGTrigger","persistentId":"8dcf832c-c773-4ce9-99eb-0f0e45744b74","__parent":"mp_cell_tower_group","position":[-301.400085,-768.609863,139.132385],"luaFunction":"onBeamNGTrigger","rotationMatrix":[0.858750343,-0.51239419,0,0.51239419,0.858750343,0,0,0,1],"scale":[27.8639793,2,6],"triggerColor":[0,255,255,20]}
{"name":"start","class":"BeamNGTrigger","persistentId":"b6529c2c-cfda-43b7-88ae-d4dc7227b9e9","__parent":"mp_cell_tower_group","position":[641.18988,-625.003479,229.460663],"luaFunction":"onBeamNGTrigger","rotationMatrix":[0.996857107,-0.0792207196,0,0.0792207196,0.996857107,0,0,0,1],"scale":[11.6674318,2,6],"triggerColor":[0,255,0,20]}
{"name":"lapSplit1","class":"BeamNGTrigger","persistentId":"e9895373-adfb-4c64-8290-81a75f0ed6a0","__parent":"mp_cell_tower_group","position":[553.476257,-733.959778,202.27478],"luaFunction":"onBeamNGTrigger","rotationMatrix":[0.554386973,-0.832259059,0,0.832259059,0.554386973,0,0,0,1],"scale":[27.8639793,2,6],"triggerColor":[0,255,255,20]}
{"name":"lapSplit5","class":"BeamNGTrigger","persistentId":"fcc0b01d-0e10-481c-9cc6-673fca7a693e","__parent":"mp_cell_tower_group","position":[-421.199371,-639.977844,134.605392],"luaFunction":"onBeamNGTrigger","rotationMatrix":[-0.464960814,-0.885330915,0,0.885330915,-0.464960814,0,0,0,1],"scale":[13.044528,2,7.59614277],"triggerColor":[0,255,255,20]}
{"name":"mp_cell_tower_group","class":"SimGroup","persistentId":"2f6d32fd-de3e-4c18-81fd-7d9e24efb1e0","groupPosition":"0 0 0"}
{"class":"TSStatic","persistentId":"070731ab-9fa4-4964-96bd-c5ce379bd9ac","__parent":"mp_cell_tower_group","position":[-355.57309,-822.416748,137.410965],"isRenderEnabled":false,"mode":"Ignore","rotationMatrix":[0.372259557,0.927709997,0.0278780013,-0.927804947,0.371168226,0.0375846922,0.0245202724,-0.0398566052,0.998904526],"shapeName":"/levels/west_coast_usa/art/shapes/race/concrete_road_barrier_a.dae"}
{"name":"sign_checkpoint7","class":"TSStatic","persistentId":"13292b2d-a9dd-44d0-ac5e-3b3cc930f72d","__parent":"mp_cell_tower_group","position":[-295.44223,-772.083923,137.816605],"isRenderEnabled":false,"mode":"Ignore","rotationMatrix":[0.816939592,-0.576722562,0,0.576722562,0.816939592,0,0,0,1],"shapeName":"/levels/west_coast_usa/art/shapes/race/sign_checkpoint.dae"}
{"class":"TSStatic","persistentId":"211a5d37-bce3-47b7-ab88-f183697fc896","__parent":"mp_cell_tower_group","position":[-396.722931,-629.445435,130.252991],"isRenderEnabled":false,"mode":"Ignore","rotationMatrix":[-0.913972497,0.405773342,-0.00157160778,-0.405758321,-0.913888335,0.0129811466,0.00383113138,0.0125021022,0.999914587],"shapeName":"/levels/west_coast_usa/art/shapes/race/concrete_road_barrier_b.dae"}
{"class":"TSStatic","persistentId":"23538cf2-098b-42a8-a2ea-5720e65ea060","__parent":"mp_cell_tower_group","position":[-306.745544,-794.521423,136.959106],"isRenderEnabled":false,"mode":"Ignore","rotationMatrix":[0.670416534,0.741982877,0.00179395638,-0.73981142,0.66826576,0.0781022757,0.0567517132,-0.0536882468,0.996943891],"shapeName":"/levels/west_coast_usa/art/shapes/race/concrete_road_barrier_a.dae"}
{"class":"TSStatic","persistentId":"2467eede-1063-4fef-8e6d-b73ed8f7b1f1","__parent":"mp_cell_tower_group","position":[45.1159019,-783.442566,132.826675],"isRenderEnabled":false,"mode":"Ignore","rotationMatrix":[0.753156483,0.657495737,0.0213456731,-0.656352639,0.748871922,0.0916102827,0.0442482904,-0.0830071196,0.995566487],"shapeName":"/levels/west_coast_usa/art/shapes/race/concrete_road_barrier_a.dae"}
{"class":"TSStatic","persistentId":"2595f155-f729-4214-ae02-43cd4c8dcaf2","__parent":"mp_cell_tower_group","position":[-406.614929,-631.906738,130.013397],"isRenderEnabled":false,"mode":"Ignore","rotationMatrix":[0.613783777,0.788505077,0.0391060226,-0.789474249,0.613030314,0.0304033291,-1.78967952e-13,-0.0495342687,0.998772383],"shapeName":"/levels/west_coast_usa/art/shapes/race/concrete_road_barrier_b.dae"}
{"class":"TSStatic","persistentId":"2ba3daa1-eded-4ce9-8938-85b61c40d9db","__parent":"mp_cell_tower_group","position":[-106.171692,-974.593933,132.267105],"isRenderEnabled":false,"mode":"Ignore","rotationMatrix":[0.998439431,-0.0519059151,-0.0206061602,0.0521492176,0.99857372,0.0114502786,0.0199824329,-0.0125070037,0.999722123],"shapeName":"/levels/west_coast_usa/art/shapes/race/concrete_road_barrier_b.dae"}
{"class":"TSStatic","persistentId":"2d70243c-c184-49c8-9de1-46e601faf3c8","__parent":"mp_cell_tower_group","position":[54.6915398,-775.126648,133.087814],"isRenderEnabled":false,"mode":"Ignore","rotationMatrix":[0.753156483,0.657495737,0.0213456731,-0.656352639,0.748871922,0.0916102827,0.0442482904,-0.0830071196,0.995566487],"shapeName":"/levels/west_coast_usa/art/shapes/race/concrete_road_barrier_b.dae"}
{"class":"TSStatic","persistentId":"37ab0974-7ea8-447c-8037-2e78b19d7a60","__parent":"mp_cell_tower_group","position":[-352.705933,-815.534302,137.587357],"isRenderEnabled":false,"mode":"Ignore","rotationMatrix":[-0.371293277,-0.927619398,-0.040768642,0.92813611,-0.372038484,0.0122573143,-0.0265376326,-0.0332877971,0.99909234],"shapeName":"/levels/west_coast_usa/art/shapes/race/concrete_road_barrier_b.dae"}
{"class":"TSStatic","persistentId":"3a9b4311-c000-498e-bebc-b953c42a3779","__parent":"mp_cell_tower_group","position":[24.42589,-803.666016,132.43573],"isRenderEnabled":false,"mode":"Ignore","rotationMatrix":[0.505044997,0.863067687,0.00662852172,-0.860383093,0.502836227,0.0830471143,0.0683422163,-0.0476455986,0.996523619],"shapeName":"/levels/west_coast_usa/art/shapes/race/concrete_road_barrier_a.dae"}
{"class":"TSStatic","persistentId":"3a9c0e71-4d86-4d4f-90b3-1153fbe07ccf","__parent":"mp_cell_tower_group","position":[-400.22641,-628.703552,130.216446],"isRenderEnabled":false,"mode":"Ignore","rotationMatrix":[-0.999702573,0.000678045792,-0.0243988968,-0.00106975005,-0.999871433,0.0160447024,-0.0243848525,0.0160660204,0.999574006],"shapeName":"/levels/west_coast_usa/art/shapes/race/concrete_road_barrier_a.dae"}
{"class":"TSStatic","persistentId":"3d05c6dc-e6d1-479c-899c-40ee9d232871","__parent":"mp_cell_tower_group","position":[-354.548309,-844.453857,136.177475],"isRenderEnabled":false,"mode":"Ignore","rotationMatrix":[-0.312214732,0.948819697,0.0475749709,-0.949936926,-0.311169505,-0.0281782225,-0.0119321644,-0.0539908744,0.998470187],"shapeName":"/levels/west_coast_usa/art/shapes/race/concrete_road_barrier_a.dae"}
{"class":"TSStatic","persistentId":"3e500a6a-c1fb-4d24-a070-6870191fb3ea","__parent":"mp_cell_tower_group","position":[216.58168,-727.896179,143.237],"isRenderEnabled":false,"mode":"Ignore","rotationMatrix":[-0.999027848,0.0433463864,-0.00801637303,-0.0427675992,-0.997157276,-0.0620291531,-0.0106823593,-0.0616260357,0.998041034],"shapeName":"/levels/west_coast_usa/art/shapes/race/concrete_road_barrier_a.dae"}
{"class":"TSStatic","persistentId":"40b40991-60f6-446c-947d-f7d4ade663d6","__parent":"mp_cell_tower_group","position":[-81.4715805,-950.567688,132.155319],"isRenderEnabled":false,"mode":"Ignore","rotationMatrix":[0.716292024,0.697798312,0.00179397315,-0.695768237,0.714007378,0.0781020448,0.0532185659,-0.0571920574,0.996943772],"shapeName":"/levels/west_coast_usa/art/shapes/race/concrete_road_barrier_a.dae"}
{"name":"sign_checkpoint10","class":"TSStatic","persistentId":"4cdd7e1c-4f95-4c26-a227-e73d7dea2582","__parent":"mp_cell_tower_group","position":[-421.77655,-644.406494,132.402313],"isRenderEnabled":false,"mode":"Ignore","rotationMatrix":[0.444384485,0.89583534,0,-0.89583534,0.444384485,0,0,0,1],"shapeName":"/levels/west_coast_usa/art/shapes/race/sign_checkpoint.dae"}
{"class":"TSStatic","persistentId":"5356c14a-9bbb-466a-ac49-017930d9a7e3","__parent":"mp_cell_tower_group","position":[159.686859,-679.890503,136.512497],"isRenderEnabled":false,"mode":"Ignore","rotationMatrix":[0.659436107,-0.751554132,0.0176218823,0.751665473,0.658796608,-0.031409014,0.01199634,0.033957988,0.999351263],"shapeName":"/levels/west_coast_usa/art/shapes/race/concrete_road_barrier_a.dae"}
{"class":"TSStatic","persistentId":"5b072bb7-2193-4ae2-814b-0a9b1770309a","__parent":"mp_cell_tower_group","position":[193.778275,-650.408691,137.680984],"isRenderEnabled":false,"mode":"Ignore","rotationMatrix":[0.706368983,-0.707747698,0.0116753504,0.707640469,0.705675066,-0.0356000289,0.0169568267,0.0334086977,0.999297917],"shapeName":"/levels/west_coast_usa/art/shapes/race/concrete_road_barrier_a.dae"}
{"class":"TSStatic","persistentId":"5c5d8236-5d33-4212-baa9-a46c8ae5e61b","__parent":"mp_cell_tower_group","position":[212.883209,-727.291687,143.167511],"isRenderEnabled":false,"mode":"Ignore","rotationMatrix":[-0.953289688,0.300424486,-0.0313792787,-0.298088044,-0.952455938,-0.0630123839,-0.0488179587,-0.0507152937,0.99751848],"shapeName":"/levels/west_coast_usa/art/shapes/race/concrete_road_barrier_a.dae"}
{"class":"TSStatic","persistentId":"65121aa0-58e1-48f0-b010-d00d9a83a252","__parent":"mp_cell_tower_group","position":[204.191879,-720.857422,142.728775],"isRenderEnabled":false,"mode":"Ignore","rotationMatrix":[0.569857299,-0.81804949,0.0778298602,0.821743488,0.567295551,-0.0539729446,9.32238953e-10,0.0947130546,0.995504439],"shapeName":"/levels/west_coast_usa/art/shapes/race/concrete_road_barrier_b.dae"}
{"class":"TSStatic","persistentId":"6574fdb7-3332-4b4d-ba2e-0b55aadf8624","__parent":"mp_cell_tower_group","position":[184.122009,-645.801697,137.265732],"isRenderEnabled":false,"mode":"Ignore","rotationMatrix":[0.989004791,-0.139730632,0.0484259129,0.142458975,0.988076448,-0.0583977699,-0.0396885574,0.0646543726,0.997118056],"shapeName":"/levels/west_coast_usa/art/shapes/race/concrete_road_barrier_a.dae"}
{"class":"TSStatic","persistentId":"680d25f8-78a4-409d-9b9b-87eda35d2b1a","__parent":"mp_cell_tower_group","position":[57.9172859,-772.313782,133.199127],"isRenderEnabled":false,"mode":"Ignore","rotationMatrix":[0.753156483,0.657495737,0.0213456731,-0.656352639,0.748871922,0.0916102827,0.0442482904,-0.0830071196,0.995566487],"shapeName":"/levels/west_coast_usa/art/shapes/race/concrete_road_barrier_a.dae"}
{"class":"TSStatic","persistentId":"6993c0f0-657f-4f65-a307-892e55147d9e","__parent":"mp_cell_tower_group","position":[567.718079,-727.462585,200.880554],"isRenderEnabled":false,"mode":"Ignore","rotationMatrix":[0.660308957,0.750336289,0.0314040072,-0.750993133,0.659731567,0.0276118927,-4.42357662e-09,-0.0418165848,0.999125063],"shapeName":"/levels/west_coast_usa/art/shapes/race/concrete_road_barrier_b.dae"}
{"class":"TSStatic","persistentId":"6f4b3bd9-87cc-44c5-8879-ea4dc9d2c77b","__parent":"mp_cell_tower_group","position":[-78.7384644,-947.867615,132.134308],"isRenderEnabled":false,"mode":"Ignore","rotationMatrix":[0.716292024,0.697798312,0.00179397315,-0.695768237,0.714007378,0.0781020448,0.0532185659,-0.0571920574,0.996943772],"shapeName":"/levels/west_coast_usa/art/shapes/race/concrete_road_barrier_a.dae"}
{"class":"TSStatic","persistentId":"73106b03-69f5-4de6-9722-75ab30b79c34","__parent":"mp_cell_tower_group","position":[-94.4085159,-972.190063,132.233597],"isRenderEnabled":false,"mode":"Ignore","rotationMatrix":[-0.882137775,-0.470797271,0.013527913,0.46972701,-0.881509662,-0.0479304567,0.0344905108,-0.0359268337,0.998759031],"shapeName":"/levels/west_coast_usa/art/shapes/race/concrete_road_barrier_a.dae"}
{"class":"TSStatic","persistentId":"76146b97-0f7e-490c-9db6-18745fc8ae38","__parent":"mp_cell_tower_group","position":[206.649887,-723.687561,142.932892],"isRenderEnabled":false,"mode":"Ignore","rotationMatrix":[-0.72186029,0.691327095,-0.0313792862,-0.688863695,-0.722146988,-0.0630123615,-0.0662227347,-0.0238700975,0.997518599],"shapeName":"/levels/west_coast_usa/art/shapes/race/concrete_road_barrier_a.dae"}
{"class":"TSStatic","persistentId":"7d70012c-dc79-4101-836f-4d71a0dc9e94","__parent":"mp_cell_tower_group","position":[568.453552,-717.510986,201.171875],"isRenderEnabled":false,"mode":"Ignore","rotationMatrix":[0.56985724,-0.821743608,0,0.821743608,0.56985724,0,0,0,1],"shapeName":"/levels/west_coast_usa/art/shapes/race/concrete_road_barrier_b.dae"}
{"class":"TSStatic","persistentId":"8042a973-d3b0-4cb6-8f05-4ff262bf3fd3","__parent":"mp_cell_tower_group","position":[-356.865723,-837.529175,136.526031],"isRenderEnabled":false,"mode":"Ignore","rotationMatrix":[-0.312214792,0.947367847,0.0708267242,-0.949936807,-0.310385048,-0.0357999541,-0.0119321663,-0.0784581751,0.99684608],"shapeName":"/levels/west_coast_usa/art/shapes/race/concrete_road_barrier_a.dae"}
{"class":"TSStatic","persistentId":"830a3cc9-3ea5-48c4-92a7-ecf0f5657fd4","__parent":"mp_cell_tower_group","position":[-357.118805,-826.171143,137.295792],"isRenderEnabled":false,"mode":"Ignore","rotationMatrix":[0.377498537,0.923199475,0.0720963627,-0.920963943,0.36618495,0.133168057,0.0965400711,-0.11666888,0.988467634],"shapeName":"/levels/west_coast_usa/art/shapes/race/concrete_road_barrier_a.dae"}
{"name":"sign_checkpoint1","class":"TSStatic","persistentId":"866dcca4-c744-4f6c-9d78-f5a7342711f3","__parent":"mp_cell_tower_group","position":[550.960815,-727.743286,200.742615],"isRenderEnabled":false,"mode":"Ignore","rotationMatrix":[-0.446766853,0.89465028,0,-0.89465028,-0.446766853,0,0,0,1],"shapeName":"/levels/west_coast_usa/art/shapes/race/sign_checkpoint.dae"}
{"class":"TSStatic","persistentId":"87776bf5-b025-4596-8d35-2642db12e259","__parent":"mp_cell_tower_group","position":[22.5088139,-806.995422,132.438049],"isRenderEnabled":false,"mode":"Ignore","rotationMatrix":[0.505044997,0.863067687,0.00662852172,-0.860383093,0.502836227,0.0830471143,0.0683422163,-0.0476455986,0.996523619],"shapeName":"/levels/west_coast_usa/art/shapes/race/concrete_road_barrier_a.dae"}
{"name":"sign_checkpoint4","class":"TSStatic","persistentId":"90f0e2de-15dd-4067-a789-efaca5c3960e","__parent":"mp_cell_tower_group","position":[147.126419,-664.950989,136.263321],"isRenderEnabled":false,"mode":"Ignore","rotationMatrix":[-0.570312679,0.821427464,0,-0.821427464,-0.570312679,0,0,0,1],"shapeName":"/levels/west_coast_usa/art/shapes/race/sign_checkpoint.dae"}
{"class":"TSStatic","persistentId":"911c55bf-55a6-4bcf-b77c-6c0eb4a4a90f","__parent":"mp_cell_tower_group","position":[-357.787842,-830.037659,137.02713],"isRenderEnabled":false,"mode":"Ignore","rotationMatrix":[0.0855325386,0.994433701,0.061536409,-0.996050656,0.0868222341,-0.0185935721,-0.0238327924,-0.0597030111,0.997931838],"shapeName":"/levels/west_coast_usa/art/shapes/race/concrete_road_barrier_a.dae"}
{"class":"TSStatic","persistentId":"920d54e5-1655-4bc4-bfbb-9d5bb818fbc8","__parent":"mp_cell_tower_group","position":[176.159851,-646.117554,136.943604],"isRenderEnabled":false,"mode":"Ignore","rotationMatrix":[0.974897504,0.218677521,0.0418743975,-0.216133654,0.974644959,-0.0579065792,-0.0534755141,0.0474025644,0.997443616],"shapeName":"/levels/west_coast_usa/art/shapes/race/concrete_road_barrier_b.dae"}
{"class":"TSStatic","persistentId":"9a6f1527-f94b-40d2-b35d-8bfc201e92fb","__parent":"mp_cell_tower_group","position":[-353.316132,-847.971985,136.020676],"isRenderEnabled":false,"mode":"Ignore","rotationMatrix":[-0.312214732,0.948819697,0.0475749709,-0.949936926,-0.311169505,-0.0281782225,-0.0119321644,-0.0539908744,0.998470187],"shapeName":"/levels/west_coast_usa/art/shapes/race/concrete_road_barrier_b.dae"}
{"class":"TSStatic","persistentId":"9c5d34ed-90d1-4043-8943-dca97816252d","__parent":"mp_cell_tower_group","position":[209.648178,-725.86792,143.081833],"isRenderEnabled":false,"mode":"Ignore","rotationMatrix":[-0.858213484,0.512333214,-0.0313792713,-0.509867668,-0.857941687,-0.0630123839,-0.0592050329,-0.0380788222,0.99751842],"shapeName":"/levels/west_coast_usa/art/shapes/race/concrete_road_barrier_a.dae"}
{"class":"TSStatic","persistentId":"9f9168a8-0888-4ef3-8050-c60a13abf03c","__parent":"mp_cell_tower_group","position":[-88.5801392,-966.593811,132.227264],"isRenderEnabled":false,"mode":"Ignore","rotationMatrix":[-0.535755455,-0.844313145,-0.01009457,0.841011703,-0.532518029,-0.0955214947,0.0752745718,-0.059665788,0.995376348],"shapeName":"/levels/west_coast_usa/art/shapes/race/concrete_road_barrier_b.dae"}
{"class":"TSStatic","persistentId":"9fe0bb69-a681-471f-b59a-c238d857dba7","__parent":"mp_cell_tower_group","position":[-120.785706,-924.120605,131.887009],"isRenderEnabled":false,"mode":"Ignore","rotationMatrix":[0.911597848,0.410585344,-0.0202205312,-0.409951627,0.911635458,0.0293290764,0.0304758474,-0.0184468627,0.999365449],"shapeName":"/levels/west_coast_usa/art/shapes/race/concrete_road_barrier_a.dae"}
{"class":"TSStatic","persistentId":"a1a6339c-edce-4e80-8fd9-bf103c4fd673","__parent":"mp_cell_tower_group","position":[220.498306,-727.862549,143.241226],"isRenderEnabled":false,"mode":"Ignore","rotationMatrix":[-0.996575058,-0.082453683,-0.00631442713,0.0826601237,-0.995460749,-0.0471638143,-0.0023969356,-0.0475241765,0.998866737],"shapeName":"/levels/west_coast_usa/art/shapes/race/concrete_road_barrier_b.dae"}
{"name":"sign_checkpoint6","class":"TSStatic","persistentId":"a7d768f9-59cb-49cc-a074-cdb2caf50c02","__parent":"mp_cell_tower_group","position":[-177.617355,-945.422119,133.626465],"isRenderEnabled":false,"mode":"Ignore","rotationMatrix":[0.402621865,0.915365934,0,-0.915365934,0.402621865,0,0,0,1],"shapeName":"/levels/west_coast_usa/art/shapes/race/sign_checkpoint.dae"}
{"name":"start_gate","class":"TSStatic","persistentId":"a8b67914-030e-4ebb-a215-c293e6c0d73f","__parent":"mp_cell_tower_group","position":[643.485718,-615.020569,228.380829],"isRenderEnabled":false,"mode":"Ignore","rotationMatrix":[0.999180436,-0.0404796824,0,0.0404796824,0.999180436,0,0,0,1],"shapeName":"/levels/west_coast_usa/art/shapes/race/race_rally_gate.dae"}
{"class":"TSStatic","persistentId":"b0c76b9a-c6fa-4627-9f2c-58ae4f783457","__parent":"mp_cell_tower_group","position":[61.0969543,-769.838074,133.275024],"isRenderEnabled":false,"mode":"Ignore","rotationMatrix":[-0.755562186,-0.654729903,0.0213454552,0.653602362,-0.751273751,0.091610305,-0.0439436063,0.0831686631,0.995567024],"shapeName":"/levels/west_coast_usa/art/shapes/race/concrete_road_barrier_b.dae"}
{"class":"TSStatic","persistentId":"b22077f0-46c4-4fbf-b965-9f338643c645","__parent":"mp_cell_tower_group","position":[47.9918976,-780.895691,132.881134],"isRenderEnabled":false,"mode":"Ignore","rotationMatrix":[0.753156483,0.657495737,0.0213456731,-0.656352639,0.748871922,0.0916102827,0.0442482904,-0.0830071196,0.995566487],"shapeName":"/levels/west_coast_usa/art/shapes/race/concrete_road_barrier_a.dae"}
{"name":"sign_checkpoint3","class":"TSStatic","persistentId":"b24e04ce-89d8-4cf6-8d38-45cd0b2dbba9","__parent":"mp_cell_tower_group","position":[153.565903,-674.311646,136.740448],"isRenderEnabled":false,"mode":"Ignore","rotationMatrix":[-0.570312679,0.821427464,0,-0.821427464,-0.570312679,0,0,0,1],"shapeName":"/levels/west_coast_usa/art/shapes/race/sign_checkpoint.dae"}
{"name":"sign_checkpoint9","class":"TSStatic","persistentId":"b55515c7-b240-4973-9f45-b19e6ceeca91","__parent":"mp_cell_tower_group","position":[-418.955566,-638.668701,132.513824],"isRenderEnabled":false,"mode":"Ignore","rotationMatrix":[0.444384485,0.89583534,0,-0.89583534,0.444384485,0,0,0,1],"shapeName":"/levels/west_coast_usa/art/shapes/race/sign_checkpoint.dae"}
{"class":"TSStatic","persistentId":"b7c2290f-e1ff-4f29-ac9f-4ff7ab570e41","__parent":"mp_cell_tower_group","position":[-355.67218,-841.099609,136.328079],"isRenderEnabled":false,"mode":"Ignore","rotationMatrix":[-0.312214732,0.948819697,0.0475749709,-0.949936926,-0.311169505,-0.0281782225,-0.0119321644,-0.0539908744,0.998470187],"shapeName":"/levels/west_coast_usa/art/shapes/race/concrete_road_barrier_a.dae"}
{"class":"TSStatic","persistentId":"bf3c8468-c969-4b9d-97e3-9501a8a15bc4","__parent":"mp_cell_tower_group","position":[-403.782288,-629.569397,130.094482],"isRenderEnabled":false,"mode":"Ignore","rotationMatrix":[-0.889245152,-0.457195431,-0.0146773728,0.457043856,-0.889354825,0.0126006883,-0.01881437,0.00449689664,0.999812841],"shapeName":"/levels/west_coast_usa/art/shapes/race/concrete_road_barrier_a.dae"}
{"class":"TSStatic","persistentId":"bfbed2e2-0bac-4529-a1fd-d45993176593","__parent":"mp_cell_tower_group","position":[-101.761185,-974.636047,132.245148],"isRenderEnabled":false,"mode":"Ignore","rotationMatrix":[-0.999517441,-0.028785402,0.0116753364,0.0283536203,-0.998963892,-0.0355999731,0.0126879988,-0.0352517553,0.999297976],"shapeName":"/levels/west_coast_usa/art/shapes/race/concrete_road_barrier_a.dae"}
{"class":"TSStatic","persistentId":"c04ea637-00c7-48e2-a729-0fa672b4994e","__parent":"mp_cell_tower_group","position":[569.480347,-724.31781,201.057068],"isRenderEnabled":false,"mode":"Ignore","rotationMatrix":[0.299230695,0.952802539,0.0512743816,-0.954181552,0.298798352,0.0160796531,1.66909633e-08,-0.0537365898,0.998555303],"shapeName":"/levels/west_coast_usa/art/shapes/race/concrete_road_barrier_a.dae"}
{"class":"TSStatic","persistentId":"c59fff26-bbf2-478e-9ce6-bf12366e5467","__parent":"mp_cell_tower_group","position":[-357.711578,-833.928223,136.797699],"isRenderEnabled":false,"mode":"Ignore","rotationMatrix":[-0.0818768218,0.994350672,0.0675502792,-0.995549262,-0.0784252807,-0.0522601679,-0.0466672815,-0.0715285465,0.996346354],"shapeName":"/levels/west_coast_usa/art/shapes/race/concrete_road_barrier_a.dae"}
{"class":"TSStatic","persistentId":"c99021e6-1777-407e-a0ba-c5cbc9b1607d","__parent":"mp_cell_tower_group","position":[-91.41819,-969.975037,132.239059],"isRenderEnabled":false,"mode":"Ignore","rotationMatrix":[-0.747861147,-0.663677752,-0.0153458351,0.663823307,-0.747851193,-0.00751546072,-0.00648853928,-0.0158074498,0.999854386],"shapeName":"/levels/west_coast_usa/art/shapes/race/concrete_road_barrier_a.dae"}
{"name":"sign_checkpoint5","class":"TSStatic","persistentId":"d339701b-98b8-426d-8ee0-da4b806f58ad","__parent":"mp_cell_tower_group","position":[-168.839722,-926.457886,133.626465],"isRenderEnabled":false,"mode":"Ignore","rotationMatrix":[0.402621865,0.915365934,0,-0.915365934,0.402621865,0,0,0,1],"shapeName":"/levels/west_coast_usa/art/shapes/race/sign_checkpoint.dae"}
{"class":"TSStatic","persistentId":"d351260b-15e2-4f76-afa7-ecb3ab8331a2","__parent":"mp_cell_tower_group","position":[196.149658,-653.351624,137.742676],"isRenderEnabled":false,"mode":"Ignore","rotationMatrix":[-0.553577721,0.832543015,-0.0206061658,-0.83279568,-0.553462565,0.0114502972,-0.00187189458,0.0234993678,0.999722302],"shapeName":"/levels/west_coast_usa/art/shapes/race/concrete_road_barrier_b.dae"}
{"class":"TSStatic","persistentId":"d8bfce6c-ea01-43da-9fe9-211a6cf073be","__parent":"mp_cell_tower_group","position":[-304.189789,-791.655762,136.96138],"isRenderEnabled":false,"mode":"Ignore","rotationMatrix":[0.670416534,0.741982818,-0.00178189517,-0.73981142,0.668634415,0.074880749,0.0567516647,-0.0488830246,0.997190893],"shapeName":"/levels/west_coast_usa/art/shapes/race/concrete_road_barrier_a.dae"}
{"class":"TSStatic","persistentId":"e1765c8e-30dc-49eb-999a-a3ed0b3ffd9e","__parent":"mp_cell_tower_group","position":[187.615845,-646.675232,137.428635],"isRenderEnabled":false,"mode":"Ignore","rotationMatrix":[0.94758898,-0.319205344,0.0135279084,0.319482207,0.946379483,-0.0479305387,0.00249714218,0.0497403666,0.998759031],"shapeName":"/levels/west_coast_usa/art/shapes/race/concrete_road_barrier_a.dae"}
{"name":"finish_gate","class":"TSStatic","persistentId":"e3e74216-3c53-415b-b11a-a970fc194c89","__parent":"mp_cell_tower_group","position":[-605.960693,-628.345947,187.131622],"isRenderEnabled":false,"mode":"Ignore","rotationMatrix":[-0.295337886,0.955328107,-0.0111487377,-0.954648435,-0.29554832,-0.0360371061,-0.0377222374,-1.8653461e-09,0.99928844],"shapeName":"/levels/west_coast_usa/art/shapes/race/race_rally_gate_finish.dae"}
{"class":"TSStatic","persistentId":"e58f8f35-f8c8-46c2-8447-2768bdd7169d","__parent":"mp_cell_tower_group","position":[157.004547,-676.714111,136.447998],"isRenderEnabled":false,"mode":"Ignore","rotationMatrix":[0.659436107,-0.751554132,0.0176218823,0.751665473,0.658796608,-0.031409014,0.01199634,0.033957988,0.999351263],"shapeName":"/levels/west_coast_usa/art/shapes/race/concrete_road_barrier_a.dae"}
{"name":"sign_checkpoint8","class":"TSStatic","persistentId":"e9933b4d-4dd2-4d32-9679-2f4219e67236","__parent":"mp_cell_tower_group","position":[-305.386047,-765.998413,137.816605],"isRenderEnabled":false,"mode":"Ignore","rotationMatrix":[0.816939592,-0.576722562,0,0.576722562,0.816939592,0,0,0,1],"shapeName":"/levels/west_coast_usa/art/shapes/race/sign_checkpoint.dae"}
{"name":"sign_checkpoint2","class":"TSStatic","persistentId":"ed0b6664-c83e-4319-b464-e706a1307d09","__parent":"mp_cell_tower_group","position":[555.862488,-736.421631,200.659454],"isRenderEnabled":false,"mode":"Ignore","rotationMatrix":[-0.446766853,0.89465028,0,-0.89465028,-0.446766853,0,0,0,1],"shapeName":"/levels/west_coast_usa/art/shapes/race/sign_checkpoint.dae"}
{"class":"TSStatic","persistentId":"eeedfd2a-d7b8-4332-9106-ec7bb0abcbd7","__parent":"mp_cell_tower_group","position":[569.709778,-720.690491,201.167221],"isRenderEnabled":false,"mode":"Ignore","rotationMatrix":[-0.170419902,0.985260367,0.014820965,-0.985371828,-0.17040059,-0.00256328587,-1.04759235e-09,-0.0150409974,0.99988687],"shapeName":"/levels/west_coast_usa/art/shapes/race/concrete_road_barrier_a.dae"}
{"class":"TSStatic","persistentId":"f13068ff-7df7-43af-b2df-3eebd3ae35d3","__parent":"mp_cell_tower_group","position":[-354.133728,-818.934387,137.537766],"isRenderEnabled":false,"mode":"Ignore","rotationMatrix":[0.372259557,0.927709997,0.0278780013,-0.927804947,0.371168226,0.0375846922,0.0245202724,-0.0398566052,0.998904526],"shapeName":"/levels/west_coast_usa/art/shapes/race/concrete_road_barrier_a.dae"}
{"class":"TSStatic","persistentId":"f1ce8c74-5d67-42d4-a87a-1947e14f4606","__parent":"mp_cell_tower_group","position":[-97.9536057,-973.806824,132.245453],"isRenderEnabled":false,"mode":"Ignore","rotationMatrix":[-0.948319376,-0.317024201,0.0136429798,0.316677302,-0.948260546,-0.022747295,0.0201485567,-0.0172512736,0.999647737],"shapeName":"/levels/west_coast_usa/art/shapes/race/concrete_road_barrier_a.dae"}
{"class":"TSStatic","persistentId":"f88ca165-130a-4b53-aa58-3dffcbbff613","__parent":"mp_cell_tower_group","position":[190.835648,-648.162598,137.540283],"isRenderEnabled":false,"mode":"Ignore","rotationMatrix":[0.848057151,-0.529193759,0.0274399649,0.529823005,0.847698033,-0.026369473,-0.009306252,0.0369011536,0.999275446],"shapeName":"/levels/west_coast_usa/art/shapes/race/concrete_road_barrier_a.dae"}
{"class":"TSStatic","persistentId":"fb027805-5f03-4437-a82e-33b907107fb3","__parent":"mp_cell_tower_group","position":[180.064041,-645.621765,137.131775],"isRenderEnabled":false,"mode":"Ignore","rotationMatrix":[0.997784495,0.0456215069,0.0484259427,-0.0427686349,0.99737674,-0.0583977625,-0.0509631112,0.056197267,0.997118354],"shapeName":"/levels/west_coast_usa/art/shapes/race/concrete_road_barrier_a.dae"}
