{"class":"ForestWindEmitter","persistentId":"c020a885-c0f2-45a4-95c3-85406984e334","__parent":"vegetation","position":[24,-89,124],"strength":0.200000003}
{"name":"SmallGrass","class":"GroundCover","persistentId":"470d9c80-0a31-4a0c-bf5f-36f125022623","__parent":"vegetation","position":[514,226,155],"Types":[{"billboardUVs":[0.496093988,0,0.503906012,0.47656101],"clumpRadius":2,"layer":"Grass","maxClumpCount":6,"minClumpCount":null,"probability":0.699999988,"sizeMax":0.5,"sizeMin":0.300000012,"windScale":0.200000003},{"billboardUVs":[0,0,0.507812023,0.488281012],"clumpRadius":null,"layer":"Grass","maxClumpCount":4,"minClumpCount":2,"probability":0.200000003,"sizeMax":0.5,"sizeMin":0.300000012,"windScale":0.200000003},{"billboardUVs":[0,0.50781101,0.5,0.49218899],"clumpRadius":null,"layer":"Grass","maxClumpCount":4,"minClumpCount":3,"probability":0.200000003,"sizeMax":0.300000012,"sizeMin":0.200000003,"windScale":0.200000003},{"billboardUVs":[0.5,0.503906012,0.5,0.496093988],"clumpRadius":0.5,"layer":"Grass","maxClumpCount":6,"minClumpCount":3,"probability":0.5,"sizeMax":0.300000012,"sizeMin":0.200000003,"windScale":0.200000003},{"billboardUVs":[0,0.507812977,0.492188007,0.492186993],"clumpRadius":null,"layer":"Grass","maxClumpCount":6,"minClumpCount":5,"probability":null,"sizeMax":0.400000006,"sizeMin":0.200000003,"windScale":0.300000012},{"billboardUVs":null,"clumpRadius":null,"maxClumpCount":null,"minClumpCount":null,"probability":null,"sizeMax":null,"sizeMin":null,"windScale":null},{"billboardUVs":null,"clumpRadius":null,"maxClumpCount":null,"minClumpCount":null,"probability":null,"sizeMax":null,"sizeMin":null,"windScale":null},{"billboardUVs":null,"clumpRadius":null,"maxClumpCount":null,"minClumpCount":null,"probability":null,"sizeMax":null,"sizeMin":null,"windScale":null}],"dissolveRadius":30,"gridSize":8,"material":"BNGGrass02","maxBillboardTiltAngle":40,"maxElements":600000,"radius":50,"shapeCullRadius":50,"windGustLength":1.70000005,"windGustStrength":0.200000003,"windTurbulenceFrequency":0.300000012}
{"name":"Dirt_grass_weed","class":"GroundCover","persistentId":"c907522d-b532-4005-8e16-73438fcb2268","__parent":"vegetation","position":[-178.386963,277.954895,204.750473],"Types":[{"billboardUVs":[0.359375,0.128905997,0.269531012,0.242186993],"clumpRadius":1.5,"layer":"dirt_grass","maxClumpCount":4,"minClumpCount":2,"probability":1,"sizeMax":0.5,"sizeMin":0.300000012,"windScale":0.0500000007},{"billboardUVs":[0.324218988,0.371095002,0.316406995,0.328123987],"clumpRadius":1.5,"layer":"dirt_grass","maxClumpCount":5,"minClumpCount":null,"probability":0.200000003,"sizeMax":0.699999988,"sizeMin":0.5,"windScale":0.0500000007},{"billboardUVs":[0.402343988,0.843748987,0.175780997,0.156250998],"clumpRadius":0.5,"layer":"Grass","maxClumpCount":20,"minClumpCount":10,"probability":0.5,"sizeMax":0.200000003,"sizeMin":0.100000001,"windScale":0.0500000007},{"billboardUVs":[0.160155997,0.714843988,0.249999002,0.285156012],"clumpRadius":3,"layer":"dirt_grass","maxClumpCount":4,"minClumpCount":2,"probability":null,"sizeMax":0.699999988,"sizeMin":0.5,"windScale":0.0500000007},{"billboardUVs":[0,0.710937023,0.160156995,0.191406995],"clumpRadius":3,"layer":"dirt_grass","maxClumpCount":2,"minClumpCount":null,"probability":null,"sizeMax":0.800000012,"sizeMin":0.600000024,"windScale":0.0500000007},{"billboardUVs":null,"clumpRadius":null,"maxClumpCount":null,"minClumpCount":null,"probability":null,"sizeMax":null,"sizeMin":null,"windScale":null},{"billboardUVs":null,"clumpRadius":null,"maxClumpCount":null,"minClumpCount":null,"probability":null,"sizeMax":null,"sizeMin":null,"windScale":null},{"billboardUVs":null,"clumpRadius":null,"maxClumpCount":null,"minClumpCount":null,"probability":null,"sizeMax":null,"sizeMin":null,"windScale":null}],"gridSize":8,"material":"Groundcover_spring","maxBillboardTiltAngle":40,"maxElements":600000,"radius":80,"seed":3,"shapeCullRadius":100,"windGustFrequency":10,"windTurbulenceFrequency":0.300000012,"windTurbulenceStrength":0.600000024}
{"name":"LongGrass","class":"GroundCover","persistentId":"dea8cf9f-2b78-4bc6-99ae-1d619c4daa60","__parent":"vegetation","position":[-367.135498,107.813599,204.559265],"Types":[{"billboardUVs":[0,0.0585937984,0.503906012,0.437498003],"clumpExponent":-0.5,"clumpRadius":null,"layer":"Grass","maxClumpCount":3,"minClumpCount":2,"probability":1.20000005,"sizeMax":0.699999988,"sizeMin":0.400000006,"windScale":0.200000003},{"billboardUVs":[0.484375,0.527343988,0.515625,0.472656012],"clumpExponent":-0.5,"clumpRadius":null,"layer":"Grass","maxClumpCount":3,"minClumpCount":2,"probability":1,"sizeMax":0.600000024,"sizeMin":0.300000012,"windScale":0.200000003},{"billboardUVs":[0,0.507812023,0.503906012,0.492188007],"clumpExponent":-0.600000024,"clumpRadius":null,"layer":"Grass","maxClumpCount":5,"minClumpCount":4,"probability":0.200000003,"sizeMax":0.899999976,"sizeMin":0.600000024,"windScale":0.200000003},{"billboardUVs":[0.00390625,0,0.480468005,0.496093988],"clumpExponent":null,"clumpRadius":2,"layer":"Grass","maxClumpCount":6,"minClumpCount":3,"probability":null,"sizeMax":0.600000024,"sizeMin":0.300000012,"windScale":0.200000003},{"billboardUVs":[0.5,0.0117188003,0.5,0.484376013],"clumpExponent":-0.200000003,"clumpRadius":1.5,"layer":"Grass3","maxClumpCount":6,"minClumpCount":2,"probability":null,"sizeMax":0.600000024,"sizeMin":0.300000012,"windScale":0.300000012},{"billboardUVs":[0.492186993,0.507812023,0.507812977,0.488281012],"clumpExponent":-0.300000012,"clumpRadius":null,"layer":"Grass","maxClumpCount":4,"minClumpCount":2,"probability":null,"sizeMax":0.699999988,"sizeMin":0.300000012,"windScale":0.300000012},{"billboardUVs":null,"clumpExponent":null,"clumpRadius":null,"maxClumpCount":null,"minClumpCount":null,"probability":null,"sizeMax":null,"sizeMin":null,"windScale":null},{"billboardUVs":null,"clumpExponent":null,"clumpRadius":null,"maxClumpCount":null,"minClumpCount":null,"probability":null,"sizeMax":null,"sizeMin":null,"windScale":null}],"dissolveRadius":100,"gridSize":8,"material":"BNGGrass","maxBillboardTiltAngle":40,"maxElements":0,"radius":130,"seed":4,"shapeCullRadius":130,"windGustLength":1.70000005,"windGustStrength":0.200000003,"windTurbulenceFrequency":0.300000012}
{"name":"theForest","class":"Forest","persistentId":"b1d83d47-db5f-47e2-b3e3-417c00a4ec10","__parent":"vegetation","lodReflectScalar":0.150000006}
{"name":"grass_mown","class":"GroundCover","persistentId":"311fa58d-6f88-4bba-a774-5891b1197230","__parent":"vegetation","position":[1130.68176,324.882294,242.214294],"Types":[{"billboardUVs":[0.5,0.0078125,0.5,0.464843988],"clumpRadius":null,"layer":"Grass2","maxClumpCount":6,"minClumpCount":null,"probability":null,"sizeMax":0.25,"sizeMin":0.200000003,"windScale":0.0500000007},{"billboardUVs":[0,0.252999991,0.5,0.238000005],"clumpRadius":2,"layer":"Grass2","maxClumpCount":4,"minClumpCount":2,"probability":0.100000001,"sizeMax":0.150000006,"sizeMin":0.119999997,"windScale":0.0500000007},{"billboardUVs":[0,0.694999993,0.5,0.296000004],"clumpRadius":null,"layer":"Grass2","maxClumpCount":4,"minClumpCount":3,"probability":1,"sizeMax":0.100000001,"sizeMin":0.0799999982,"windScale":0.0500000007},{"billboardUVs":[0.496093988,0.75,0.503906012,0.25],"clumpRadius":null,"layer":"Grass2","maxClumpCount":6,"minClumpCount":3,"probability":1,"sizeMax":0.100000001,"sizeMin":0.0799999982,"windScale":0.0500000007},{"billboardUVs":[0.5,0.0078125,0.5,0.464843988],"clumpRadius":null,"layer":"Grass4","maxClumpCount":6,"minClumpCount":null,"probability":null,"sizeMax":0.25,"sizeMin":0.200000003,"windScale":0.0500000007},{"billboardUVs":[0,0.252999991,0.5,0.238000005],"clumpRadius":null,"layer":"Grass4","maxClumpCount":4,"minClumpCount":2,"probability":null,"sizeMax":0.150000006,"sizeMin":0.119999997,"windScale":0.0500000007},{"billboardUVs":[0,0.694999993,0.5,0.296000004],"clumpRadius":null,"layer":"Grass4","maxClumpCount":4,"minClumpCount":3,"probability":null,"sizeMax":0.100000001,"sizeMin":0.0799999982,"windScale":0.0500000007},{"billboardUVs":[0.496093988,0.75,0.503906012,0.25],"clumpRadius":null,"layer":"Grass4","maxClumpCount":6,"minClumpCount":3,"probability":null,"sizeMax":0.100000001,"sizeMin":0.0799999982,"windScale":0.0500000007}],"dissolveRadius":20,"gridSize":8,"material":"BNGGrass","maxBillboardTiltAngle":40,"maxElements":600000,"radius":40,"seed":5,"shapeCullRadius":40,"windGustFrequency":0.100000001,"windGustLength":0.5,"windGustStrength":0.0500000007,"windTurbulenceFrequency":0.5,"windTurbulenceStrength":0.100000001}
