{"class":"TSStatic","persistentId":"8223a480-ee70-42b1-a3a7-099aaab4d065","__parent":"StaticObjects","collisionType":"Visible Mesh Final","decalType":"Visible Mesh Final","isRenderEnabled":false,"shapeName":"/levels/west_coast_usa/art/shapes/rocks/quarry_cliffs.dae","useInstanceRenderData":true}
{"class":"TSStatic","persistentId":"4807186d-6542-4b7e-a5e8-ce3e8a82a2a3","__parent":"StaticObjects","position":[0,0,0.0149999997],"isRenderEnabled":false,"shapeName":"/levels/west_coast_usa/art/shapes/roads/bypass.dae","useInstanceRenderData":true}
{"class":"TSStatic","persistentId":"caf2103a-1a44-4c48-9773-baf94464d905","__parent":"StaticObjects","collisionType":"Visible Mesh Final","decalType":"Visible Mesh Final","isRenderEnabled":false,"shapeName":"/levels/west_coast_usa/art/shapes/rocks/wca_cliffs.dae","useInstanceRenderData":true}
{"class":"TSStatic","persistentId":"2cbb316e-3767-4b8c-b1c0-32edaf9338bf","__parent":"StaticObjects","position":[-301.17395,1967.44849,63.5446014],"collisionType":"Visible Mesh Final","isRenderEnabled":false,"rotationMatrix":[0.864540756,0.502561867,0,-0.502561867,0.864540756,0,0,0,1],"shapeName":"/levels/west_coast_usa/art/shapes/backdrop/island.dae"}
{"class":"TSStatic","persistentId":"b64972fb-b733-46d0-baf9-2dbe6e1648e3","__parent":"StaticObjects","allowPlayerStep":"1","collisionType":"Visible Mesh Final","isRenderEnabled":false,"shapeName":"/levels/west_coast_usa/art/shapes/backdrop/backdrop.dae"}
{"class":"TSStatic","persistentId":"069f7472-d612-45bc-99a0-11be746a3ff4","__parent":"StaticObjects","position":[760.441345,22.6971149,151.400055],"isRenderEnabled":false,"rotationMatrix":[-0.0315181911,0.999503016,0,-0.999503016,-0.0315181911,0,0,0,1],"shapeName":"/levels/west_coast_usa/art/shapes/objects/floodlight_portable.dae","useInstanceRenderData":true}
{"class":"TSStatic","persistentId":"0e508c37-a0f2-4d62-ae8b-5bf88e870915","__parent":"StaticObjects","position":[-151.734177,-139.996002,119.299316],"isRenderEnabled":false,"rotationMatrix":[0.999196649,0.0400756598,0,-0.0400756598,0.999196649,0,0,0,1],"shapeName":"/levels/west_coast_usa/art/shapes/objects/floodlight_portable.dae","useInstanceRenderData":true}
{"class":"TSStatic","persistentId":"0eae2b63-b3ef-4df4-9395-17a40078558f","__parent":"StaticObjects","allowPlayerStep":"1","annotation":"BACKGROUND","isRenderEnabled":false,"shapeName":"/levels/west_coast_usa/art/shapes/roads/cables.dae","useInstanceRenderData":true}
{"class":"TSStatic","persistentId":"1350529a-b5a7-4167-99d1-09586fb7323a","__parent":"StaticObjects","position":[647.602295,623.049072,125.569183],"isRenderEnabled":false,"rotationMatrix":[0.828120589,-0.556577981,-0.0666109324,0.559587717,0.827800691,0.0400900692,0.0328273363,-0.0704740882,0.996973038],"shapeName":"/levels/west_coast_usa/art/shapes/objects/boom_lift1.dae","useInstanceRenderData":true}
{"class":"TSStatic","persistentId":"1f749582-6798-43ed-bb9f-5c832dfe281f","__parent":"StaticObjects","position":[630.161926,81.8289337,154.674438],"isRenderEnabled":false,"rotationMatrix":[0.211934268,0.977283835,0,-0.977283835,0.211934268,0,0,0,1],"shapeName":"/levels/west_coast_usa/art/shapes/objects/floodlight_portable.dae","useInstanceRenderData":true}
{"class":"TSStatic","persistentId":"212661e6-df36-4fce-9b8e-98b681277fe8","__parent":"StaticObjects","position":[-1372.86072,88.2668152,252.756653],"isRenderEnabled":false,"shapeName":"/levels/west_coast_usa/art/shapes/buildings/antenna.dae"}
{"class":"TSStatic","persistentId":"26f79fcb-407d-4337-a4f8-f6d84c91d298","__parent":"StaticObjects","collisionType":"Visible Mesh Final","decalType":"Visible Mesh Final","isRenderEnabled":false,"shapeName":"/levels/west_coast_usa/art/shapes/roads/track_road_infield2.dae"}
{"class":"TSStatic","persistentId":"27c52db4-9217-4c97-8344-486d78f9cc89","__parent":"StaticObjects","position":[-599.05542,318.886902,110.055801],"isRenderEnabled":false,"rotationMatrix":[0.114237785,0.978438377,-0.172070488,-0.982796729,0.13660568,0.124296091,0.145121843,0.154911026,0.977211297],"shapeName":"/levels/west_coast_usa/art/shapes/objects/excavator.dae"}
{"class":"TSStatic","persistentId":"2b8e7730-e967-49f5-829f-b2e72b3fb90f","__parent":"StaticObjects","position":[651.338806,-44.5211258,151.417877],"isRenderEnabled":false,"rotationMatrix":[-0.532982111,0.846126497,0,-0.846126497,-0.532982111,0,0,0,1],"shapeName":"/levels/west_coast_usa/art/shapes/objects/floodlight_portable.dae","useInstanceRenderData":true}
{"class":"TSStatic","persistentId":"2ccc6ac0-7d47-47d1-a513-8be2acd9032b","__parent":"StaticObjects","collisionType":"None","decalType":"None","isRenderEnabled":false,"shapeName":"/levels/west_coast_usa/art/shapes/roads/track_road_infield1_decals.dae"}
{"class":"TSStatic","persistentId":"2f4c7e99-a9bf-43ad-b594-f7fc0b237ac0","__parent":"StaticObjects","position":[132.471603,124.990967,119.277573],"isRenderEnabled":false,"rotationMatrix":[-0.969387829,0.245534569,0,-0.245534569,-0.969387829,0,0,0,1],"shapeName":"/levels/west_coast_usa/art/shapes/objects/floodlight_portable.dae","useInstanceRenderData":true}
{"class":"TSStatic","persistentId":"2fecd753-f09a-464a-96a5-35821722a3e8","__parent":"StaticObjects","position":[-175.941696,-262.009918,118.880249],"isRenderEnabled":false,"rotationMatrix":[0.822289228,-0.569069743,0,0.569069743,0.822289228,0,0,0,1],"shapeName":"/levels/west_coast_usa/art/shapes/objects/floodlight_portable.dae","useInstanceRenderData":true}
{"class":"TSStatic","persistentId":"33ba8ad3-03dd-4e34-a6a4-de8c5fa97fb2","__parent":"StaticObjects","position":[-133.545013,-466.74646,124.409683],"isRenderEnabled":false,"rotationMatrix":[-0.302867204,0.953032792,0,-0.953032792,-0.302867204,0,0,0,1],"shapeName":"/levels/west_coast_usa/art/shapes/objects/boom_lift1.dae","useInstanceRenderData":true}
{"class":"TSStatic","persistentId":"358676ad-5d4b-41ec-87fe-6625d6ae2759","__parent":"StaticObjects","collisionType":"Visible Mesh Final","isRenderEnabled":false,"shapeName":"/levels/west_coast_usa/art/shapes/roads/shockabsorber.dae"}
{"class":"TSStatic","persistentId":"48126576-3708-4c12-9074-31c387d38c54","__parent":"StaticObjects","position":[661.250671,-177.232086,146.7715],"isRenderEnabled":false,"rotationMatrix":[0.777916074,-0.628368258,0,0.628368258,0.777916074,0,0,0,1],"shapeName":"/levels/west_coast_usa/art/shapes/objects/boom_lift1.dae","useInstanceRenderData":true}
{"class":"TSStatic","persistentId":"48c43858-3302-4e0a-83fc-33f2cd74add9","__parent":"StaticObjects","position":[94.2814713,38.2826424,119.333054],"isRenderEnabled":false,"rotationMatrix":[0.981457174,0.191681504,0,-0.191681504,0.981457174,0,0,0,1],"shapeName":"/levels/west_coast_usa/art/shapes/objects/boom_lift2.dae","useInstanceRenderData":true}
{"class":"TSStatic","persistentId":"4e2ac650-7983-44e3-b055-61b328514bfa","__parent":"StaticObjects","position":[788.708618,141.942856,153.194717],"isRenderEnabled":false,"rotationMatrix":[-0.914598942,-0.404361397,0,0.404361397,-0.914598942,0,0,0,1],"shapeName":"/levels/west_coast_usa/art/shapes/objects/floodlight_portable.dae","useInstanceRenderData":true}
{"class":"TSStatic","persistentId":"4f4f8744-2e21-4407-bb41-d5699990e310","__parent":"StaticObjects","position":[854.551758,429.471191,149.902969],"isRenderEnabled":false,"rotationMatrix":[0.916359961,0.400355399,0,-0.400355399,0.916359961,0,0,0,1],"shapeName":"/levels/west_coast_usa/art/shapes/objects/floodlight_portable.dae","useInstanceRenderData":true}
{"class":"TSStatic","persistentId":"59fa0ac2-d338-46df-8b77-bbf253860002","__parent":"StaticObjects","position":[-953.333801,-573.469788,104.937218],"isRenderEnabled":false,"rotationMatrix":[0.938061357,0.346428335,0.00532460865,-0.346188664,0.937809348,-0.0258265678,-0.0139405215,0.0223835874,0.999652267],"shapeName":"/levels/west_coast_usa/art/shapes/objects/boom_lift2.dae","useInstanceRenderData":true}
{"class":"TSStatic","persistentId":"60847e93-e7a4-4d79-94d5-7d9bc138ee38","__parent":"StaticObjects","position":[-298.008118,-195.500336,119.046715],"isRenderEnabled":false,"rotationMatrix":[-0.0931577235,0.995651364,0,-0.995651364,-0.0931577235,0,0,0,1],"shapeName":"/levels/west_coast_usa/art/shapes/objects/floodlight_portable.dae","useInstanceRenderData":true}
{"class":"TSStatic","persistentId":"6c79b673-8069-4fbd-8618-47bd4363eedc","__parent":"StaticObjects","position":[-594.564697,346.023315,110.515587],"isRenderEnabled":false,"rotationMatrix":[-0.195204869,0.980000079,0.0386639014,-0.979033291,-0.197049141,0.0516255014,0.0582116842,-0.0277756974,0.997917652],"shapeName":"/levels/west_coast_usa/art/shapes/objects/floodlight_portable.dae","useInstanceRenderData":true}
{"class":"TSStatic","persistentId":"7115941c-ee0f-4936-b900-280eaf378d73","__parent":"StaticObjects","position":[833.133972,48.7538223,145.722107],"isRenderEnabled":false,"rotationMatrix":[-0.82761687,0.561293244,0,-0.561293244,-0.82761687,0,0,0,1],"shapeName":"/levels/west_coast_usa/art/shapes/objects/floodlight_portable.dae","useInstanceRenderData":true}
{"class":"TSStatic","persistentId":"78f64409-ddb5-40cd-a2ad-b9d1aafa5c38","__parent":"StaticObjects","collisionType":"Visible Mesh Final","decalType":"Visible Mesh Final","isRenderEnabled":false,"shapeName":"/levels/west_coast_usa/art/shapes/buildings/bridges_dirttrack.dae","useInstanceRenderData":true}
{"class":"TSStatic","persistentId":"7ad1b64b-66c9-426d-a3de-5e7fcbda3b98","__parent":"StaticObjects","position":[86.7442398,-160.488037,126.824883],"isRenderEnabled":false,"rotationMatrix":[-0.439473689,-0.898255289,0,0.898255289,-0.439473689,0,0,0,1],"shapeName":"/levels/west_coast_usa/art/shapes/objects/boom_lift1.dae","useInstanceRenderData":true}
{"class":"TSStatic","persistentId":"7dcebb24-8911-4b3f-ad10-702d1a284585","__parent":"StaticObjects","position":[315.916748,257.732513,119.300293],"isRenderEnabled":false,"rotationMatrix":[-0.964694321,0.263372153,0,-0.263372153,-0.964694321,0,0,0,1],"shapeName":"/levels/west_coast_usa/art/shapes/objects/floodlight_portable.dae","useInstanceRenderData":true}
{"class":"TSStatic","persistentId":"81089e33-f939-4fed-a665-4572dd7d3ef2","__parent":"StaticObjects","position":[187.176208,-472.02533,143.785202],"isRenderEnabled":false,"rotationMatrix":[0.658428609,0.752643168,0,-0.752643168,0.658428609,0,0,0,1],"shapeName":"/levels/west_coast_usa/art/shapes/objects/floodlight_portable.dae","useInstanceRenderData":true}
{"class":"TSStatic","persistentId":"81c95477-5237-4f05-af51-d3c5a68c7189","__parent":"StaticObjects","position":[-285.75174,-287.29187,119.855743],"isRenderEnabled":false,"shapeName":"/levels/west_coast_usa/art/shapes/objects/floodlight_portable.dae","useInstanceRenderData":true}
{"class":"TSStatic","persistentId":"8619df39-84c3-4238-9fdd-5190dff4c5df","__parent":"StaticObjects","position":[542.920227,-1.76613426,149.658035],"isRenderEnabled":false,"rotationMatrix":[-0.994167805,0.107843429,0,-0.107843429,-0.994167805,0,0,0,1],"shapeName":"/levels/west_coast_usa/art/shapes/objects/floodlight_portable.dae","useInstanceRenderData":true}
{"class":"TSStatic","persistentId":"86c67389-1046-4d24-ae86-98b2606ea844","__parent":"StaticObjects","position":[763.67627,208.775543,155.955521],"isRenderEnabled":false,"rotationMatrix":[0.329133779,-0.944282949,0,0.944282949,0.329133779,0,0,0,1],"shapeName":"/levels/west_coast_usa/art/shapes/objects/floodlight_portable.dae","useInstanceRenderData":true}
{"class":"TSStatic","persistentId":"8736d862-4e37-4900-80b5-34b0b88c4548","__parent":"StaticObjects","position":[744.047302,625.936157,133.086746],"isRenderEnabled":false,"rotationMatrix":[-0.469339788,-0.88301748,0,0.88301748,-0.469339788,0,0,0,1],"shapeName":"/levels/west_coast_usa/art/shapes/objects/floodlight_portable.dae","useInstanceRenderData":true}
{"class":"TSStatic","persistentId":"8dde9cd6-0618-42f8-be0b-bb04b91d3be3","__parent":"StaticObjects","allowPlayerStep":"1","isRenderEnabled":false,"shapeName":"/levels/west_coast_usa/art/shapes/roads/roadsigns.dae"}
{"class":"TSStatic","persistentId":"99c3fe09-f3be-4238-9a28-6f0a9827c247","__parent":"StaticObjects","position":[677.748352,605.894104,123.62529],"isRenderEnabled":false,"rotationMatrix":[0.594556212,-0.804053903,0,0.804053903,0.594556212,0,0,0,1],"shapeName":"/levels/west_coast_usa/art/shapes/objects/floodlight_portable.dae","useInstanceRenderData":true}
{"class":"TSStatic","persistentId":"9bcf8f2a-5311-4ea2-b232-b2793f913620","__parent":"StaticObjects","position":[750.832581,110.695374,153.408585],"isRenderEnabled":false,"rotationMatrix":[-0.847889185,0.530172467,0,-0.530172467,-0.847889185,0,0,0,1],"shapeName":"/levels/west_coast_usa/art/shapes/objects/floodlight_portable.dae","useInstanceRenderData":true}
{"class":"TSStatic","persistentId":"d67413d2-e11e-4e9e-8d02-4f7befc3ab9f","__parent":"StaticObjects","isRenderEnabled":false,"shapeName":"/levels/west_coast_usa/art/shapes/buildings/trackbridge_sector6.dae","useInstanceRenderData":true}
{"class":"TSStatic","persistentId":"9d33f34d-ec76-42ba-8b54-6a6dbfe88bd4","__parent":"StaticObjects","position":[25.8664246,-677.623779,132.466309],"isRenderEnabled":false,"rotationMatrix":[-0.646175861,0.763188541,0,-0.763188541,-0.646175861,0,0,0,1],"shapeName":"/levels/west_coast_usa/art/shapes/objects/boom_lift1.dae","useInstanceRenderData":true}
{"class":"TSStatic","persistentId":"a1ae40e5-31fd-4d93-a33d-4b324e2a834b","__parent":"StaticObjects","position":[-963.563171,-557.929443,104.372932],"isRenderEnabled":false,"rotationMatrix":[-0.0615370274,-0.998104811,0,0.998104811,-0.0615370274,0,0,0,1],"shapeName":"/levels/west_coast_usa/art/shapes/objects/floodlight_portable.dae","useInstanceRenderData":true}
{"class":"TSStatic","persistentId":"aeba43c7-fe01-4288-a366-d699b3dc0090","__parent":"StaticObjects","position":[846.310181,186.992493,158.77774],"isRenderEnabled":false,"shapeName":"/levels/west_coast_usa/art/shapes/objects/boom_lift1.dae","useInstanceRenderData":true}
{"class":"TSStatic","persistentId":"b11c6c33-ed2c-48bc-9693-01dd1c2ae627","__parent":"StaticObjects","position":[887.432251,180.524704,161.076187],"isRenderEnabled":false,"rotationMatrix":[0.33715868,0.941447675,0,-0.941447675,0.33715868,0,0,0,1],"shapeName":"/levels/west_coast_usa/art/shapes/objects/floodlight_portable.dae","useInstanceRenderData":true}
{"class":"TSStatic","persistentId":"b8911fb0-af20-4bf4-9574-425c527c58d8","__parent":"StaticObjects","position":[-502.624664,127.475418,100.390182],"isRenderEnabled":false,"rotationMatrix":[0.960851252,-0.277064174,0,0.277064174,0.960851252,0,0,0,1],"shapeName":"/levels/west_coast_usa/art/shapes/buildings/transformer_ground.dae","useInstanceRenderData":true}
{"class":"TSStatic","persistentId":"be72370d-765e-4e5e-a139-027e037ec891","__parent":"StaticObjects","position":[-853.589966,-490.912903,103.882042],"isRenderEnabled":false,"rotationMatrix":[-0.0615370274,-0.998104811,0,0.998104811,-0.0615370274,0,0,0,1],"shapeName":"/levels/west_coast_usa/art/shapes/objects/floodlight_portable.dae","useInstanceRenderData":true}
{"class":"TSStatic","persistentId":"c14e3e70-f027-45b6-8b1a-7020fb7bf54a","__parent":"StaticObjects","position":[-358.214478,586.401123,74.8295135],"isRenderEnabled":false,"shapeName":"/levels/west_coast_usa/art/shapes/objects/boom_lift2.dae","useInstanceRenderData":true}
{"class":"TSStatic","persistentId":"d5b7fabc-6d29-403f-bb35-9c4321f11cff","__parent":"StaticObjects","position":[50.8866501,7.06364822,119.299316],"isRenderEnabled":false,"rotationMatrix":[-0.186938405,-0.982371509,0,0.982371509,-0.186938405,0,0,0,1],"shapeName":"/levels/west_coast_usa/art/shapes/objects/floodlight_portable.dae","useInstanceRenderData":true}
{"class":"TSStatic","persistentId":"dd0a5be1-6f2f-4f7d-8179-7a3fff260763","__parent":"StaticObjects","position":[795.366272,259.801971,160.774338],"isRenderEnabled":false,"rotationMatrix":[-0.992170513,-0.124889597,0,0.124889597,-0.992170513,0,0,0,1],"shapeName":"/levels/west_coast_usa/art/shapes/objects/floodlight_portable.dae","useInstanceRenderData":true}
{"class":"TSStatic","persistentId":"e5420c9b-4349-4775-bece-262937f5a950","__parent":"StaticObjects","isRenderEnabled":false,"shapeName":"/levels/west_coast_usa/art/shapes/objects/billboards.dae"}
{"class":"TSStatic","persistentId":"e787f48b-e5c2-40a9-87aa-0465344b51b4","__parent":"StaticObjects","position":[1323.01599,-919.432312,160.571594],"isRenderEnabled":false,"rotationMatrix":[-0.0588479228,-0.997595906,0.0365991555,0.997720301,-0.057562951,0.0352249332,-0.0330334902,0.0385886319,0.998709023],"shapeName":"/levels/west_coast_usa/art/shapes/objects/boom_lift2.dae","useInstanceRenderData":true}
{"class":"TSStatic","persistentId":"e7df8496-63bc-4479-9417-17007441d0e6","__parent":"StaticObjects","position":[-587.043579,290.211243,112.370049],"isRenderEnabled":false,"rotationMatrix":[-0.976179421,-0.216964871,0,0.216964871,-0.976179421,0,0,0,1],"shapeName":"/levels/west_coast_usa/art/shapes/objects/floodlight_portable.dae","useInstanceRenderData":true}
{"name":"garbage_west_coast","class":"Prefab","persistentId":"53122ccc-c7fc-4afc-af10-a261e0827ea6","__parent":"StaticObjects","filename":"/levels/west_coast_usa/art/prefabs/garbage_west_coast.prefab"}
