{"name":"garageZones","class":"SimGroup","persistentId":"3024413e-e343-484b-ba48-42c862e2e2b9","__parent":"career_garage"}
{"name":"career_garage_exterior","class":"SimGroup","persistentId":"25465913-832a-4ab7-a766-2d3fba5cc2a1","__parent":"career_garage"}
{"name":"career_garage_props","class":"SimGroup","persistentId":"fbfb23db-83b3-4b61-ab5a-3bcdfc9603e7","__parent":"career_garage"}
{"name":"career_garage_parkingLines","class":"SimGroup","persistentId":"f4f3622a-17dc-45bc-9729-3d27f42010c8","__parent":"career_garage"}
{"name":"career_garage_decalroad","class":"SimGroup","persistentId":"86e9c14f-8d78-465d-91e5-e4cf18581fa6","__parent":"career_garage"}
{"name":"garageLights","class":"SimGroup","persistentId":"beb37b17-53d8-47b5-9f48-8c677411605a","__parent":"career_garage"}
{"name":"garage","class":"TSStatic","persistentId":"e29bd52e-a0b4-495e-b154-71f3a0af5005","__parent":"career_garage","position":[907.659973,-541.848755,163.546005],"isRenderEnabled":false,"rotationMatrix":[0.125592917,0.992081881,0,-0.992081881,0.125592917,0,0,0,1],"shapeName":"/levels/west_coast_usa/art/shapes/buildings/s_career_garage.dae","useInstanceRenderData":true}
