{"class":"TSStatic","persistentId":"2889c8a4-e5d9-4b08-8d73-616f0799c6e2","__parent":"movie_studio","collisionType":"None","decalType":"None","isRenderEnabled":false,"shapeName":"/levels/west_coast_usa/art/shapes/buildings/s_cables_moviestudio.dae","useInstanceRenderData":true}
{"class":"TSStatic","persistentId":"123b74be-2d38-4186-acb9-5bad314d41fc","__parent":"movie_studio","collisionType":"Visible Mesh Final","decalType":"Visible Mesh Final","isRenderEnabled":false,"shapeName":"/levels/west_coast_usa/art/shapes/roads/s_sidewalk_moviestudio.dae","useInstanceRenderData":true}
{"name":"movie_studio_props","class":"SimGroup","persistentId":"58ac6484-281c-4e8c-b5a7-aef0c880fbd1","__parent":"movie_studio"}
{"name":"movie_studio_str","class":"SimGroup","persistentId":"99147487-5acc-45b1-81cc-025d821e22ff","__parent":"movie_studio"}
{"name":"movie_studio_decalroads","class":"SimGroup","persistentId":"294692c2-4279-4772-af93-6c43765b0be9","__parent":"movie_studio"}
{"class":"TSStatic","persistentId":"5cebe72c-c035-43db-852d-67ba5814c991","__parent":"movie_studio","position":[-859.101868,-632.997864,104.306686],"annotation":"BUILDINGS","isRenderEnabled":false,"rotationMatrix":[0.637661755,0.770316482,0,-0.770316482,0.637661755,0,0,0,1],"shapeName":"/levels/west_coast_usa/art/shapes/buildings/s_moviestudio_watertower.dae","useInstanceRenderData":true}
{"class":"TSStatic","persistentId":"edeee2d5-8f0e-40d7-937d-6ffbad84c648","__parent":"movie_studio","position":[-789.433289,-538.086548,102.106628],"annotation":"BUILDINGS","isRenderEnabled":false,"rotationMatrix":[-0.733310699,-0.679893315,0,0.679893315,-0.733310699,0,0,0,1],"shapeName":"/levels/west_coast_usa/art/shapes/buildings/office_mobile4_reverse.dae","useInstanceRenderData":true}
{"class":"TSStatic","persistentId":"438d860d-ce2c-4f91-80d0-2c1cca16d83b","__parent":"movie_studio","position":[-834.011719,-632.655457,104.605484],"annotation":"OBSTACLES","isRenderEnabled":false,"rotationMatrix":[0.802032232,-0.597280681,0,0.597280681,0.802032232,0,0,0,1],"shapeName":"/levels/west_coast_usa/art/shapes/buildings/s_movie_studio_logo.dae","useInstanceRenderData":true}
{"class":"TSStatic","persistentId":"8ad8496f-81f2-43fc-a0be-403157a1083f","__parent":"movie_studio","position":[-875.575317,-631.327087,104.732658],"annotation":"BUILDINGS","isRenderEnabled":false,"rotationMatrix":[0.652481914,0.757804275,0,-0.757804275,0.652481914,0,0,0,1],"shapeName":"/levels/west_coast_usa/art/shapes/buildings/s_movie_studio_visitor_center.dae","useInstanceRenderData":true}
{"class":"TSStatic","persistentId":"e4d8ba59-83b1-4964-b12b-69e6d2c3adfb","__parent":"movie_studio","annotation":"BUILDINGS","isRenderEnabled":false,"rotationMatrix":[0.99999994,0,0,0,0.99999994,0,0,0,0.999999881],"shapeName":"/levels/west_coast_usa/art/shapes/buildings/s_building_stage_03.dae","useInstanceRenderData":true}
{"class":"TSStatic","persistentId":"88c33ff1-267e-4e3a-99d1-b2210578482b","__parent":"movie_studio","position":[-813.99646,-608.580811,103.573471],"annotation":"BUILDINGS","isRenderEnabled":false,"rotationMatrix":[0.772000194,-0.635622263,0,0.635622263,0.772000194,0,0,0,1],"shapeName":"/levels/west_coast_usa/art/shapes/buildings/guardhouse.dae","useInstanceRenderData":true}
{"class":"TSStatic","persistentId":"8d35c89c-bad8-4f0d-882e-25b41c3c7926","__parent":"movie_studio","position":[-877.128662,-683.813171,105.729828],"annotation":"BUILDINGS","isRenderEnabled":false,"rotationMatrix":[0.76114136,-0.648585975,0,0.648585975,0.76114136,0,0,0,1],"shapeName":"/levels/west_coast_usa/art/shapes/buildings/guardhouse.dae","useInstanceRenderData":true}
{"class":"TSStatic","persistentId":"8fadf831-e1cb-4a23-8e56-8526e8d86576","__parent":"movie_studio","position":[-817.027527,-567.104309,100.515816],"annotation":"BUILDINGS","isRenderEnabled":false,"rotationMatrix":[0.749182701,-0.66236341,0,0.66236341,0.749182701,0,0,0,1],"shapeName":"/levels/west_coast_usa/art/shapes/buildings/guardhouse.dae","useInstanceRenderData":true}
{"class":"TSStatic","persistentId":"316436a2-38c5-4514-83bd-84aaea1fa4b8","__parent":"movie_studio","position":[-757.545044,-573.871155,101.439606],"annotation":"BUILDINGS","isRenderEnabled":false,"rotationMatrix":[-0.670325875,0.742066562,0,-0.742066562,-0.670325875,0,0,0,1],"shapeName":"/levels/west_coast_usa/art/shapes/buildings/s_building_moviestudio_delivery.dae","useInstanceRenderData":true}
{"class":"TSStatic","persistentId":"417d9253-fe84-40c3-8e7f-02018921aa85","__parent":"movie_studio","annotation":"OBSTACLES","collisionType":"Visible Mesh Final","decalType":"Visible Mesh Final","isRenderEnabled":false,"shapeName":"/levels/west_coast_usa/art/shapes/buildings/s_movie_studio_fences.dae","useInstanceRenderData":true}
{"class":"TSStatic","persistentId":"ca930bfd-6fed-4136-b5cb-36b7e63cba40","__parent":"movie_studio","annotation":"OBSTACLES","isRenderEnabled":false,"shapeName":"/levels/west_coast_usa/art/shapes/buildings/s_movie_studio_flooring.dae","useInstanceRenderData":true}
{"class":"TSStatic","persistentId":"1896f481-5d4b-4cff-a8ce-ad47d96e53d3","__parent":"movie_studio","position":[-839.651428,-598.97998,104.236504],"annotation":"BUILDINGS","isRenderEnabled":false,"rotationMatrix":[-0.652480245,-0.757805526,0,0.757805526,-0.652480245,0,0,0,1],"shapeName":"/levels/west_coast_usa/art/shapes/buildings/s_building_stage_02.dae","useInstanceRenderData":true}
{"class":"TSStatic","persistentId":"0e6407a5-cad9-4643-9c38-5cd786113479","__parent":"movie_studio","position":[-805.327332,-641.892334,103.911133],"annotation":"BUILDINGS","isRenderEnabled":false,"rotationMatrix":[0.638902605,0.769287527,0,-0.769287527,0.638902605,0,0,0,1],"shapeName":"/levels/west_coast_usa/art/shapes/buildings/s_building_stage_01.dae","useInstanceRenderData":true}
{"class":"TSStatic","persistentId":"ddc60afe-37db-4502-b961-1a77c8b7592e","__parent":"movie_studio","position":[-831.174805,-657.58374,104.310966],"annotation":"BUILDINGS","isRenderEnabled":false,"rotationMatrix":[-0.771999955,0.635621727,0,-0.635621727,-0.771999955,0,0,0,1],"shapeName":"/levels/west_coast_usa/art/shapes/buildings/guardhouse.dae","useInstanceRenderData":true}
