{"name":"EauRouge","class":"SFXEmitter","persistentId":"4f10b255-44fc-4675-98e9-97b004e011d9","__parent":"Ambience","position":[88.4882889,579.161682,294.783386],"fadeInTime":0,"fadeOutTime":0,"isLooping":false,"maxDistance":150,"referenceDistance":12,"rotationMatrix":[1,0,0,0,0.999999762,-0.000690533896,0,0.000690533896,0.999999762],"scale":[150,150,150],"track":"event:>Ambient>Maps>East Coast>Water Waterfall Small","useTrackDescriptionOnly":true}
{"name":"SFXSpace_1","class":"SFXSpace","persistentId":"a21a71d4-7601-4a64-9481-0faac1745cdf","__parent":"Ambience","position":[-309.046906,734.258972,329.420563],"rotationMatrix":[0.857924223,0.513775945,0,-0.513775945,0.857924223,0,0,0,1],"scale":[71.9294891,296.921631,19.87603],"soundAmbience":"Level_Building_Reverb_Large"}
{"name":"SFXSpace_2","class":"SFXSpace","persistentId":"0997a7ae-b79b-42b4-969e-c554b669fe90","__parent":"Ambience","position":[-72.6918411,726.729187,308.926392],"rotationMatrix":[0.733122706,0.68009609,0,-0.678187788,0.731065631,0.0748586878,0.0509111024,-0.0548806041,0.997194111],"scale":[52.8376999,293.97406,23.1787415],"soundAmbience":"Level_Building_Reverb_Large"}
