{"class":"Prefab","persistentId":"626d9905-8ac0-4825-ad80-5ff3207458b3","__parent":"Rocktrail_prefabs","filename":"/levels/hirochi_raceway/art/prefabs/eca_rock_big_narrow.prefab"}
{"class":"Prefab","persistentId":"765e76d1-7129-4e6e-b3a3-d0a7b1993620","__parent":"Rocktrail_prefabs","filename":"/levels/hirochi_raceway/art/prefabs/eca_rock_medium_2.prefab"}
{"class":"Prefab","persistentId":"829a9456-7e47-4f88-bf90-8bf5fdc29658","__parent":"Rocktrail_prefabs","filename":"/levels/hirochi_raceway/art/prefabs/eca_rock_big_wide.prefab"}
