{"name":"lapSplit1","class":"BeamNGTrigger","persistentId":"1a32f8de-6141-48b1-8533-69967df60b0c","__parent":"BeamMP triggers_group","position":[-387.242462,254.938538,27.5168533],"luaFunction":"onBeamNGTrigger","rotationMatrix":[0.957113087,0.289714575,0,-0.289714575,0.957113087,0,0,0,1],"scale":[11.6674318,2,6],"triggerColor":[0,255,255,20]}
{"name":"outOfBounds1","class":"BeamNGTrigger","persistentId":"3858d699-3f0d-4d70-8585-61977a758ca7","__parent":"BeamMP triggers_group","position":[-385.351807,249.639771,27.5168533],"luaFunction":"onBeamNGTrigger","rotationMatrix":[0.957113087,0.289714575,0,-0.289714575,0.957113087,0,0,0,1],"scale":[11.6674318,2,6],"triggerColor":[255,0,0,20]}
{"name":"startStop","class":"BeamNGTrigger","persistentId":"b6529c2c-cfda-43b7-88ae-d4dc7227b9e9","__parent":"BeamMP triggers_group","position":[-386.321625,252.613495,27.5168533],"luaFunction":"onBeamNGTrigger","rotationMatrix":[0.957113087,0.289714575,0,-0.289714575,0.957113087,0,0,0,1],"scale":[11.6674318,2,6],"triggerColor":[0,255,0,20]}
{"name":"BeamMP triggers_group","class":"SimGroup","persistentId":"f2efbd8c-bdde-473b-af3f-efe30df335c4","groupPosition":"-386.30529785156 252.39726765951 27.51685333252"}
