{"name":"theLevelInfo","class":"LevelInfo","persistentId":"0d081540-4122-4f04-be8e-0d1c7752979b","__parent":"Sky","canvasClearColor":[1,1,1,255],"enabled":"1","fogAtmosphereHeight":800,"fogColor":[0.374932736,0.57812506,1.0392158,1],"fogDensity":0.000600000028,"globalEnviromentMap":"cubemap_ks_spa_reflection2","gravity":-9.81000042,"soundAmbience":"Amb_EC_Forest_Main","visibleDistance":4500}
{"name":"tod","class":"TimeOfDay","persistentId":"690612e2-28cc-424c-b5ab-ff0c764ff24e","__parent":"Sky","position":[36.6227989,-62.5098,15.3204002],"axisTilt":-23.5,"azimuthOverride":0,"play":false,"startTime":0.150000006,"time":0.150000006}
{"name":"sunsky","class":"ScatterSky","persistentId":"25209345-9b9c-4a93-acda-789aec4adc2e","__parent":"Sky","position":[70.3971024,4.53920984,73.9923019],"ambientScale":[0.999989986,0.999993205,1,1],"azimuth":241.743851,"brightness":4,"colorize":[0.215686277,0.349019617,0.603921592,1],"colorizeGradientFile":"art/sky_gradients/default/gradient_colorize.png","elevation":32.6179237,"enableFogFallBack":false,"fadeStartDistance":1000,"flareScale":5,"flareType":"BNG_Sunflare_3","fogScale":[0.396078438,0.666666687,1,1],"groundAlbedo":[0.306396961,0.306393892,0.306393892,1],"lastSplitTerrainOnly":true,"logWeight":0.980000019,"mieScattering":0.000390542438,"moonLightColor":[9.99999997e-07,9.99989993e-07,9.99989993e-07,1],"moonMat":"Moon_Glow_Mat","moonScale":0.0300000012,"nightColor":[0.000415224669,0.00141856843,0.00392156886,1],"nightCubemap":"nightCubemap","nightFogColor":[0.000522875576,0.00132256735,0.00392156886,1],"occlusionScale":0.0250000004,"overDarkFactor":[60000,20000,10000,650],"rayleighScattering":0.00150000001,"shadowDarkenColor":[0,0,0,0],"shadowDistance":1600,"shadowSoftness":0.200000018,"skyBrightness":40,"sunScale":[1,0.900310636,0.762945771,1],"texSize":2048}
{"name":"CloudLayer_2","class":"CloudLayer","persistentId":"27c7dd20-9c63-4281-9a68-e687099910a8","__parent":"Sky","Textures":[{},{},{}],"coverage":0.150000006,"exposure":2.5,"height":2.40000153,"texture":"/levels/ks_spa/images/ecusa_clouds/SkyNormals_05.dds","windSpeed":0.25}
