{"name":"hr_pit","class":"BeamNGWaypoint","persistentId":"aea86702-ab3c-4955-a3c6-a6c5f23d3e8d","__parent":"AIWaypointsGroup","position":[-453.901886,367.392975,25.1493931],"rotationMatrix":[1,0,0,0,0.999999762,-0.000690533896,0,0.000690533896,0.999999762],"scale":[6.4461503,6.4461503,6.4461503]}
{"name":"quickrace_wp6","class":"BeamNGWaypoint","persistentId":"01df643a-5c98-47e0-8152-b44e0b248f08","__parent":"AIWaypointsGroup","position":[65.5058136,224.85675,27.4017334],"rotationMatrix":[1,0,0,0,0.999999762,-0.000690533896,0,0.000690533896,0.999999762],"scale":[8.95801163,8.95801163,8.95801163]}
{"name":"hr_bridge12","class":"BeamNGWaypoint","persistentId":"030655f1-ca96-4c56-b5d7-89a89ef2bf7a","__parent":"AIWaypointsGroup","position":[-293.871399,109.481186,32.5048943],"cloneOrigin":"hr_bridge6","scale":[2,2,2]}
{"name":"hr_bridge3","class":"BeamNGWaypoint","persistentId":"0c494c7b-ca54-476b-84e7-04e1e8177a82","__parent":"AIWaypointsGroup","position":[-113.599495,114.080162,32.356308],"cloneOrigin":"hr_bridge1","scale":[6.09343004,6.09343004,6.09343004]}
{"name":"hr_bridge10","class":"BeamNGWaypoint","persistentId":"0e8593e8-5714-4cd8-8955-32c7cbec2d02","__parent":"AIWaypointsGroup","position":[-369.283386,33.3037529,32.0722008],"cloneOrigin":"hr_bridge9","scale":[4.12774992,4.12774992,4.12774992]}
{"name":"hr_bridge2","class":"BeamNGWaypoint","persistentId":"13de81e3-ab59-46bb-9e8f-71561493d799","__parent":"AIWaypointsGroup","position":[-73.6526108,45.7252312,32.7493668],"cloneOrigin":"hrwp_17","scale":[6.09343004,6.09343004,6.09343004]}
{"name":"hr_bridge11","class":"BeamNGWaypoint","persistentId":"14b6107b-e2ca-4f8a-9f89-78a19ac50010","__parent":"AIWaypointsGroup","position":[-309.459991,85.6954803,32.5546951],"cloneOrigin":"hr_bridge7","locked":true,"scale":[1.60000002,1.60000002,1.60000002]}
{"name":"hr_pit_entry","class":"BeamNGWaypoint","persistentId":"24cbfcaf-b2df-46a0-b49d-5ca050473ea7","__parent":"AIWaypointsGroup","position":[-432.19397,463.908325,32.9885521],"directionalWaypoint":true,"rotationMatrix":[-0.949891686,0.312578231,0,-0.312578231,-0.949891686,0,0,0,1],"scale":[5,5,5]}
{"name":"quickrace_wp7","class":"BeamNGWaypoint","persistentId":"25c6a9f6-52d1-4529-abe8-34fcb712314d","__parent":"AIWaypointsGroup","position":[-358.694458,58.396019,26.0439777],"rotationMatrix":[1,0,0,0,0.999999762,-0.000690533896,0,0.000690533896,0.999999762],"scale":[8,8,8]}
{"name":"hr_bridge9","class":"BeamNGWaypoint","persistentId":"4402e151-cffc-4500-a51f-21ded2a046c0","__parent":"AIWaypointsGroup","position":[-331.825012,62.3686981,32.0722008],"cloneOrigin":"hr_bridge8","scale":[4.12774992,4.12774992,4.12774992]}
{"name":"quickrace_wp10","class":"BeamNGWaypoint","persistentId":"443d7763-7e77-4b74-be18-748cd5ed51d1","__parent":"AIWaypointsGroup","position":[374.431213,149.019806,27.1355438],"rotationMatrix":[1,0,0,0,0.999999762,-0.000690533896,0,0.000690533896,0.999999762],"scale":[8,8,8]}
{"name":"quickrace_wp11","class":"BeamNGWaypoint","persistentId":"4cb0c655-7b22-4c89-89e8-330e8d15a81f","__parent":"AIWaypointsGroup","position":[-412.560699,466.620331,34.2250671],"rotationMatrix":[1,0,0,0,0.999999762,-0.000690533896,0,0.000690533896,0.999999762],"scale":[8,8,8]}
{"name":"hr_bridge7","class":"BeamNGWaypoint","persistentId":"4cbda431-180f-41dd-935a-7b555c44e179","__parent":"AIWaypointsGroup","position":[-285.606232,138.835388,31.9766998],"cloneOrigin":"hr_bridge6","scale":[2,2,2]}
{"name":"quickrace_wp8","class":"BeamNGWaypoint","persistentId":"528eccba-3cc9-4ac8-8140-3800f6dac397","__parent":"AIWaypointsGroup","position":[59.3591309,-249.532364,25.3676529],"rotationMatrix":[1,0,0,0,0.999999762,-0.000690533896,0,0.000690533896,0.999999762],"scale":[8,8,8]}
{"name":"hr_bridge6","class":"BeamNGWaypoint","persistentId":"5a81186f-f22c-4470-8329-40d4b515dd1c","__parent":"AIWaypointsGroup","position":[-217.88269,67.3243332,32.1263008],"cloneOrigin":"hr_bridge5","scale":[6.09343004,6.09343004,6.09343004]}
{"name":"quickrace_wp5","class":"BeamNGWaypoint","persistentId":"5d221fa7-e850-49b0-95e8-1b5c19e9b730","__parent":"AIWaypointsGroup","position":[352.678345,-120.80867,34.2345161],"rotationMatrix":[1,0,0,0,0.999999762,-0.000690533896,0,0.000690533896,0.999999762],"scale":[8.95801163,8.95801163,8.95801163]}
{"name":"hr_bridge7b","class":"BeamNGWaypoint","persistentId":"5f1b6a65-4268-49d1-a38e-a544fe9702cd","__parent":"AIWaypointsGroup","position":[-298.023743,112.129128,32.5048943],"cloneOrigin":"hr_bridge6","scale":[2,2,2]}
{"name":"hr_bridge4","class":"BeamNGWaypoint","persistentId":"636728d6-8ca3-49f0-82ed-359cea8633d5","__parent":"AIWaypointsGroup","position":[-149.943344,174.496872,32.2763329],"cloneOrigin":"hr_bridge1","scale":[6.09343004,6.09343004,6.09343004]}
{"name":"quickrace_wp3","class":"BeamNGWaypoint","persistentId":"82a6ab56-50d4-4dc8-b650-4d4283342280","__parent":"AIWaypointsGroup","position":[-12.4119263,-65.3339691,28.6895599],"rotationMatrix":[1,0,0,0,0.999999762,-0.000690533896,0,0.000690533896,0.999999762],"scale":[8.95801163,8.95801163,8.95801163]}
{"name":"hr_bridge8","class":"BeamNGWaypoint","persistentId":"8d47295a-0c7a-4004-abe0-2ffb3f196f6f","__parent":"AIWaypointsGroup","position":[-314.146332,89.9086761,32.5546951],"cloneOrigin":"hr_bridge7","locked":true,"scale":[1.5,1.5,1.5]}
{"name":"hr_bridge1","class":"BeamNGWaypoint","persistentId":"8d72dc10-a4f2-4241-8889-1d5e3a27522d","__parent":"AIWaypointsGroup","position":[-37.0789185,-19.2859154,31.9700985],"cloneOrigin":"hrwp_16","scale":[6.09343004,6.09343004,6.09343004]}
{"name":"quickrace_wp13","class":"BeamNGWaypoint","persistentId":"977486bc-dcb9-49f0-ad26-26ce749b82d8","__parent":"AIWaypointsGroup","position":[440.886841,-6.97392273,28.5475693],"rotationMatrix":[1,0,0,0,0.999999762,-0.000690533896,0,0.000690533896,0.999999762],"scale":[8,8,8]}
{"name":"quickrace_wp1","class":"BeamNGWaypoint","persistentId":"a9b745ea-b4d5-41f2-8410-547eed8b527a","__parent":"AIWaypointsGroup","position":[46.704052,256.084412,28.103981],"rotationMatrix":[1,0,0,0,0.999999762,-0.000690533896,0,0.000690533896,0.999999762],"scale":[8,8,8]}
{"name":"hr_bridge5","class":"BeamNGWaypoint","persistentId":"b22d98a7-02cd-4e89-a9ee-4f8b58c6bf6e","__parent":"AIWaypointsGroup","position":[-190.169952,152.376755,32.1263008],"cloneOrigin":"hr_bridge4","scale":[6.09343004,6.09343004,6.09343004]}
{"name":"quickrace_wp4","class":"BeamNGWaypoint","persistentId":"b59fae91-f355-49fe-b9dc-cfc6532d2092","__parent":"AIWaypointsGroup","position":[-220.322693,368.250549,27.8244247],"rotationMatrix":[1,0,0,0,0.999999762,-0.000690533896,0,0.000690533896,0.999999762],"scale":[8.95801163,8.95801163,8.95801163]}
{"name":"quickrace_wp2","class":"BeamNGWaypoint","persistentId":"cef886b6-d33f-4fd4-82c1-2fa5f549f4cc","__parent":"AIWaypointsGroup","position":[392.755066,-130.051239,34.2345161],"rotationMatrix":[1,0,0,0,0.999999762,-0.000690533896,0,0.000690533896,0.999999762],"scale":[8.95801163,8.95801163,8.95801163]}
{"name":"quickrace_wp9","class":"BeamNGWaypoint","persistentId":"d542f89b-425b-469d-a98d-5450013b0b32","__parent":"AIWaypointsGroup","position":[312.823792,-226.056549,47.1261749],"rotationMatrix":[1,0,0,0,0.999999762,-0.000690533896,0,0.000690533896,0.999999762],"scale":[8,8,8]}
{"name":"hr_bridge13","class":"BeamNGWaypoint","persistentId":"e966b5c3-8905-4f43-b0a7-35e30848ac78","__parent":"AIWaypointsGroup","position":[-281.309265,136.422012,32.0392914],"cloneOrigin":"hr_bridge6","scale":[2,2,2]}
{"name":"hr_start","class":"BeamNGWaypoint","persistentId":"f13c5940-e23f-4d98-b5df-c1dfdb1e135c","__parent":"AIWaypointsGroup","position":[-402.287415,244.471298,24.9909],"directionalWaypoint":true,"rotationMatrix":[0.53326875,-0.845945954,0,0.845945954,0.53326875,0,0,0,1],"scale":[11.1021996,11.1021996,11.1021996]}
{"name":"hr_bridge9b","class":"BeamNGWaypoint","persistentId":"f2eb0067-c7b1-4eed-b348-a8fef392d2a6","__parent":"AIWaypointsGroup","position":[-349.389771,46.4307327,32.3856201],"cloneOrigin":"hr_bridge8","scale":[4.12774992,4.12774992,4.12774992]}
{"name":"quickrace_wp12","class":"BeamNGWaypoint","persistentId":"f3938ad9-7362-4044-9aa5-c54175c14075","__parent":"AIWaypointsGroup","position":[88.7046738,-218.12323,25.8018856],"rotationMatrix":[1,0,0,0,0.999999762,-0.000690533896,0,0.000690533896,0.999999762],"scale":[8,8,8]}
