{"name":"lapSplit1","class":"BeamNGTrigger","persistentId":"1a32f8de-6141-48b1-8533-69967df60b0c","__parent":"mp_forgotten_group","position":[-109.300018,-159.289383,34.7204666],"luaFunction":"onBeamNGTrigger","rotationMatrix":[0.792523384,-0.609841585,0,0.609841585,0.792523384,0,0,0,1],"scale":[22.2181225,2,6],"triggerColor":[0,255,255,20]}
{"name":"outOfBounds4","class":"BeamNGTrigger","persistentId":"1d5b0400-9454-4a3a-911a-57e68284e81b","__parent":"mp_forgotten_group","position":[-55.4698219,-144.655472,30.8835983],"luaFunction":"onBeamNGTrigger","rotationMatrix":[0.904730618,0.417779982,-0.0832010359,-0.420150757,0.907367706,-0.0125381164,0.0702557564,0.0463005938,0.996453881],"scale":[97.4067917,2,6],"triggerColor":[255,0,0,20]}
{"name":"outOfBounds11","class":"BeamNGTrigger","persistentId":"29c6a6ae-8027-4a66-840d-f93c997366b2","__parent":"mp_forgotten_group","position":[-334.689636,411.221497,31.7960014],"luaFunction":"onBeamNGTrigger","rotationMatrix":[0.998842537,0.0481000543,0,-0.0481000543,0.998842537,0,0,0,1],"scale":[46.2333832,2,6],"triggerColor":[255,0,0,20]}
{"name":"outOfBounds1","class":"BeamNGTrigger","persistentId":"3858d699-3f0d-4d70-8585-61977a758ca7","__parent":"mp_forgotten_group","position":[-344.885529,148.710953,27.516861],"luaFunction":"onBeamNGTrigger","rotationMatrix":[0.700984061,0.713176847,0,-0.713176847,0.700984061,0,0,0,1],"scale":[32.4885406,2,6],"triggerColor":[255,0,0,20]}
{"name":"outOfBounds2","class":"BeamNGTrigger","persistentId":"3d2a7bdb-0933-454e-bf1b-b41d63fb9647","__parent":"mp_forgotten_group","position":[-408.417542,252.96907,27.516861],"luaFunction":"onBeamNGTrigger","rotationMatrix":[0.700984061,0.713176847,0,-0.713176847,0.700984061,0,0,0,1],"scale":[32.4885406,2,6],"triggerColor":[255,0,0,20]}
{"name":"lapSplit4","class":"BeamNGTrigger","persistentId":"4450369d-00f3-41fb-b52c-c54aa080be1e","__parent":"mp_forgotten_group","position":[-314.107666,429.23526,33.265892],"luaFunction":"onBeamNGTrigger","rotationMatrix":[0.0180032849,-0.999837816,0,0.999837816,0.0180032849,0,0,0,1],"scale":[20.5759392,2,6],"triggerColor":[0,255,255,20]}
{"name":"outOfBounds13","class":"BeamNGTrigger","persistentId":"50f0bac6-763f-4c10-aa9e-774f67bf59b6","__parent":"mp_forgotten_group","position":[-379.774323,274.747101,27.3321018],"luaFunction":"onBeamNGTrigger","rotationMatrix":[0.459029794,-0.88842082,0,0.88842082,0.459029794,0,0,0,1],"scale":[66.8967285,2,6],"triggerColor":[255,0,0,20]}
{"name":"outOfBounds6","class":"BeamNGTrigger","persistentId":"69e16f9c-958b-48a8-895f-9d04002b711b","__parent":"mp_forgotten_group","position":[76.2995377,-205.637512,27.8555374],"luaFunction":"onBeamNGTrigger","rotationMatrix":[0.433003068,0.901392341,0,-0.901392341,0.433003068,0,0,0,1],"scale":[32.4885406,2,6],"triggerColor":[255,0,0,20]}
{"name":"outOfBounds7","class":"BeamNGTrigger","persistentId":"6a0daea8-ba1c-48a6-99a5-707491350f13","__parent":"mp_forgotten_group","position":[184.026917,-406.268463,33.1241798],"luaFunction":"onBeamNGTrigger","rotationMatrix":[-0.698262691,0.715841353,0,-0.715841353,-0.698262691,0,0,0,1],"scale":[32.4885406,2,6],"triggerColor":[255,0,0,20]}
{"name":"outOfBounds9","class":"BeamNGTrigger","persistentId":"8254973f-3550-4188-9e2c-1b7188d7b0d6","__parent":"mp_forgotten_group","position":[365.040192,-224.79361,44.4959106],"luaFunction":"onBeamNGTrigger","rotationMatrix":[0.951983809,0.30614832,0,-0.30614832,0.951983809,0,0,0,1],"scale":[36.7767944,2,6],"triggerColor":[255,0,0,20]}
{"name":"outOfBounds12","class":"BeamNGTrigger","persistentId":"895116cf-d445-4850-8e55-d5cc637b715c","__parent":"mp_forgotten_group","position":[-396.629089,459.272888,35.3355255],"luaFunction":"onBeamNGTrigger","rotationMatrix":[0.997502208,-0.0706353635,0,0.0706353635,0.997502208,0,0,0,1],"scale":[40.9350166,2,6],"triggerColor":[255,0,0,20]}
{"name":"startStop","class":"BeamNGTrigger","persistentId":"b6529c2c-cfda-43b7-88ae-d4dc7227b9e9","__parent":"mp_forgotten_group","position":[-386.321625,252.613495,27.5168533],"luaFunction":"onBeamNGTrigger","rotationMatrix":[0.957113087,0.289714575,0,-0.289714575,0.957113087,0,0,0,1],"scale":[11.6674318,2,6],"triggerColor":[0,255,0,20]}
{"name":"outOfBounds10","class":"BeamNGTrigger","persistentId":"b7ee70c6-8f33-41df-a77f-0edfb81e51c8","__parent":"mp_forgotten_group","position":[431.25824,98.0420914,26.8959026],"luaFunction":"onBeamNGTrigger","rotationMatrix":[0.968374968,0.249499291,0,-0.249499291,0.968374968,0,0,0,1],"scale":[36.7767944,2,6],"triggerColor":[255,0,0,20]}
{"name":"lapSplit2","class":"BeamNGTrigger","persistentId":"c132aedd-6137-4926-b4a1-a02e053f4750","__parent":"mp_forgotten_group","position":[295.569794,-264.591644,48.1388626],"luaFunction":"onBeamNGTrigger","rotationMatrix":[0.676380813,-0.736552119,0,0.736552119,0.676380813,0,0,0,1],"scale":[32.8604965,2,6],"triggerColor":[0,255,255,20]}
{"name":"outOfBounds3","class":"BeamNGTrigger","persistentId":"ce0f1d93-20fb-4d2b-a132-927938e50e92","__parent":"mp_forgotten_group","position":[-322.770691,-98.8464966,39.0077744],"luaFunction":"onBeamNGTrigger","rotationMatrix":[0.0497117639,0.998763502,0,-0.998763502,0.0497117639,0,0,0,1],"scale":[32.4885406,2,6],"triggerColor":[255,0,0,20]}
{"name":"outOfBounds8","class":"BeamNGTrigger","persistentId":"d9d0dda0-2205-4e6a-b98e-c7650726a9a5","__parent":"mp_forgotten_group","position":[278.290802,-262.706818,49.0706406],"luaFunction":"onBeamNGTrigger","rotationMatrix":[0.181482255,0.983394265,0,-0.983394265,0.181482255,0,0,0,1],"scale":[36.7767944,2,6],"triggerColor":[255,0,0,20]}
{"name":"outOfBounds5","class":"BeamNGTrigger","persistentId":"e3da2d7f-1510-4b90-8a3d-ec1326f418ca","__parent":"mp_forgotten_group","position":[6.25948381,-106.280876,28.9207363],"luaFunction":"onBeamNGTrigger","rotationMatrix":[0.988477647,-0.151366904,0,0.151366904,0.988477647,0,0,0,1],"scale":[32.4885406,2,6],"triggerColor":[255,0,0,20]}
{"name":"lapSplit3","class":"BeamNGTrigger","persistentId":"f658504a-6b04-4342-9781-71437b4ec84f","__parent":"mp_forgotten_group","position":[454.538971,114.116043,28.546423],"luaFunction":"onBeamNGTrigger","rotationMatrix":[0.0180032849,-0.999837816,0,0.999837816,0.0180032849,0,0,0,1],"scale":[20.5759392,2,6],"triggerColor":[0,255,255,20]}
{"class":"Prefab","persistentId":"052ab377-2174-4730-aba4-f3f3d7075717","__parent":"mp_forgotten_group","fileName":"/levels/hirochi_raceway/art/prefabs/barriers_white_forgotten_raceway.prefab"}
{"class":"Prefab","persistentId":"9d3fc25f-4f8a-4ec5-a0c7-81f457eb0e5c","__parent":"mp_forgotten_group","fileName":"/levels/hirochi_raceway/art/prefabs/barriers_red_forgotten_raceway.prefab"}
{"name":"mp_forgotten_group","class":"SimGroup","persistentId":"47f79201-3a7b-4231-a49b-9ef894768af4","groupPosition":"0 0 0"}
