{"name":"outOfBounds11","class":"BeamNGTrigger","persistentId":"16ed9701-b4d4-40f2-98d8-f89733958832","__parent":"mp_medium_group","position":[-156.066574,313.701721,30.9387894],"luaFunction":"onBeamNGTrigger","rotationMatrix":[-0.241939783,0.970291138,0,-0.970291138,-0.241939783,0,0,0,1],"scale":[24.001955,2,6],"triggerColor":[255,0,0,20]}
{"name":"lapSplit1","class":"BeamNGTrigger","persistentId":"1a32f8de-6141-48b1-8533-69967df60b0c","__parent":"mp_medium_group","position":[155.991943,216.126587,32.5726013],"luaFunction":"onBeamNGTrigger","rotationMatrix":[0.577901602,0.816106379,0,-0.816106379,0.577901602,0,0,0,1],"scale":[24.4469604,2,6],"triggerColor":[0,255,255,20]}
{"name":"outOfBounds3","class":"BeamNGTrigger","persistentId":"26eda78d-4a87-4245-a0f0-7f450f607ae6","__parent":"mp_medium_group","position":[-23.6836834,221.695328,27.0401459],"luaFunction":"onBeamNGTrigger","rotationMatrix":[0.997650683,-0.068506062,0,0.068506062,0.997650683,0,0,0,1],"scale":[75.0184784,2,6],"triggerColor":[255,0,0,20]}
{"name":"outOfBounds13","class":"BeamNGTrigger","persistentId":"2c908725-9e6c-43e4-9a53-2e4de75d0281","__parent":"mp_medium_group","position":[-255.314178,367.963135,28.3515854],"luaFunction":"onBeamNGTrigger","rotationMatrix":[0.209950507,0.977711916,0,-0.977711916,0.209950507,0,0,0,1],"scale":[14.0858212,2,6],"triggerColor":[255,0,0,20]}
{"name":"outOfBounds1","class":"BeamNGTrigger","persistentId":"3858d699-3f0d-4d70-8585-61977a758ca7","__parent":"mp_medium_group","position":[-85.8546753,187.508789,26.7166824],"luaFunction":"onBeamNGTrigger","rotationMatrix":[0.419139862,0.907921612,0,-0.907921612,0.419139862,0,0,0,1],"scale":[75.0184784,2,6],"triggerColor":[255,0,0,20]}
{"name":"outOfBounds4","class":"BeamNGTrigger","persistentId":"469a0859-a95f-4a34-9844-74350ad1aa41","__parent":"mp_medium_group","position":[19.1037903,226.851074,28.6881905],"luaFunction":"onBeamNGTrigger","rotationMatrix":[0.833941221,0.55185324,0,-0.55185324,0.833941221,0,0,0,1],"scale":[51.5123558,2,6],"triggerColor":[255,0,0,20]}
{"name":"outOfBounds5","class":"BeamNGTrigger","persistentId":"547faea0-dfa6-42ed-91e9-fdaca40f5943","__parent":"mp_medium_group","position":[405.571045,-125.102135,35.4654007],"luaFunction":"onBeamNGTrigger","rotationMatrix":[0.997147143,0.0665753186,-0.035570465,-0.0692013204,0.994504631,-0.0785604864,0.0301448032,0.0807978958,0.996274531],"scale":[51.5123558,2,6],"triggerColor":[255,0,0,20]}
{"name":"lapSplit2","class":"BeamNGTrigger","persistentId":"6706786e-d6c8-48c5-9788-db6d79b36675","__parent":"mp_medium_group","position":[65.4967651,-202.139862,27.3636723],"luaFunction":"onBeamNGTrigger","rotationMatrix":[0.704383612,0.709819496,0,-0.709819496,0.704383612,0,0,0,1],"scale":[24.4469604,2,6],"triggerColor":[0,255,255,20]}
{"name":"outOfBounds12","class":"BeamNGTrigger","persistentId":"9cbe8470-5447-41bd-adcb-406ce8349c62","__parent":"mp_medium_group","position":[-180.734451,358.955139,28.6380253],"luaFunction":"onBeamNGTrigger","rotationMatrix":[0.899048746,-0.437848538,0,0.437848538,0.899048746,0,0,0,1],"scale":[147.803253,2,6],"triggerColor":[255,0,0,20]}
{"name":"outOfBounds8","class":"BeamNGTrigger","persistentId":"aac1e442-a1d4-4a31-b7b6-fc85583a08a6","__parent":"mp_medium_group","position":[102.292969,-349.888306,27.7684612],"luaFunction":"onBeamNGTrigger","rotationMatrix":[0.718703389,0.695316672,0,-0.695316672,0.718703389,0,0,0,1],"scale":[14.3544006,2,6],"triggerColor":[255,0,0,20]}
{"name":"startStop","class":"BeamNGTrigger","persistentId":"b6529c2c-cfda-43b7-88ae-d4dc7227b9e9","__parent":"mp_medium_group","position":[-402.807373,244.846008,27.4882736],"luaFunction":"onBeamNGTrigger","rotationMatrix":[0.84413296,0.536133885,0,-0.536133885,0.84413296,0,0,0,1],"scale":[24.0699711,2,6],"triggerColor":[0,255,0,20]}
{"name":"outOfBounds14","class":"BeamNGTrigger","persistentId":"bccc81ef-4c3b-460c-ac70-dce1894db7e4","__parent":"mp_medium_group","position":[-346.017426,411.308167,32.4471741],"luaFunction":"onBeamNGTrigger","rotationMatrix":[0.609286785,0.792949915,0,-0.792949915,0.609286785,0,0,0,1],"scale":[18.4231033,2,6],"triggerColor":[255,0,0,20]}
{"name":"outOfBounds9","class":"BeamNGTrigger","persistentId":"d21411bb-73a8-4165-9ca4-d380e1d18026","__parent":"mp_medium_group","position":[-189.30928,339.608429,29.8531799],"luaFunction":"onBeamNGTrigger","rotationMatrix":[0.899048746,-0.437848538,0,0.437848538,0.899048746,0,0,0,1],"scale":[68.8489838,2,6],"triggerColor":[255,0,0,20]}
{"name":"outOfBounds7","class":"BeamNGTrigger","persistentId":"f14b3688-5e3b-4fbc-95ef-403434f78ac7","__parent":"mp_medium_group","position":[-11.7137709,254.154129,28.4034557],"luaFunction":"onBeamNGTrigger","rotationMatrix":[0.0156158805,0.999878049,0,-0.999878049,0.0156158805,0,0,0,1],"scale":[32.3956604,2,6],"triggerColor":[255,0,0,20]}
{"name":"outOfBounds10","class":"BeamNGTrigger","persistentId":"f2dcc654-5a54-4954-9639-6d1d06346659","__parent":"mp_medium_group","position":[-167.327057,256.813599,33.2706146],"luaFunction":"onBeamNGTrigger","rotationMatrix":[-0.288058639,-0.957612932,0,0.957612932,-0.288058639,0,0,0,1],"scale":[96.8191833,2,6],"triggerColor":[255,0,0,20]}
{"name":"lapSplit3","class":"BeamNGTrigger","persistentId":"f32d28be-b795-44fd-b46c-4ed0d378c95d","__parent":"mp_medium_group","position":[-208.823761,365.838318,29.4346218],"luaFunction":"onBeamNGTrigger","rotationMatrix":[0.504611313,0.863346577,0,-0.863346577,0.504611313,0,0,0,1],"scale":[36.6747437,2,6],"triggerColor":[0,255,255,20]}
{"name":"outOfBounds2","class":"BeamNGTrigger","persistentId":"f973dd04-0b6e-4141-8eb5-6ada020507ef","__parent":"mp_medium_group","position":[-64.9271774,223.474976,27.1807346],"luaFunction":"onBeamNGTrigger","rotationMatrix":[0.838546097,0.54483062,0,-0.54483062,0.838546097,0,0,0,1],"scale":[14.0858212,2,6],"triggerColor":[255,0,0,20]}
{"name":"outOfBounds6","class":"BeamNGTrigger","persistentId":"fba7c7df-d15c-40cd-b606-c0076b3fbd81","__parent":"mp_medium_group","position":[48.710022,-199.993332,27.5151711],"luaFunction":"onBeamNGTrigger","rotationMatrix":[-0.768968701,0.639286339,0,-0.639286339,-0.768968701,0,0,0,1],"scale":[51.5123558,2,6],"triggerColor":[255,0,0,20]}
{"class":"Prefab","persistentId":"7a413336-73c3-4fc8-ba14-c87a87fb2f58","__parent":"mp_medium_group","filename":"/levels/hirochi_raceway/art/prefabs/barriers_white_mediumcircuit1.prefab","mode":"Ignore"}
{"class":"Prefab","persistentId":"ad756ede-e99c-4bce-9f1e-1bb0878f65c8","__parent":"mp_medium_group","filename":"/levels/hirochi_raceway/art/prefabs/barriers_red_mediumcircuit1.prefab","mode":"Ignore"}
{"name":"mp_medium_group","class":"SimGroup","persistentId":"cc09f393-d572-40ab-b96a-d3352e3d9381","groupPosition":"0 0 0"}
