{"name":"outOfBounds11","class":"BeamNGTrigger","persistentId":"16ed9701-b4d4-40f2-98d8-f89733958832","__parent":"mp_short_group","position":[-156.066574,313.701721,30.9387894],"luaFunction":"onBeamNGTrigger","rotationMatrix":[-0.241939783,0.970291138,0,-0.970291138,-0.241939783,0,0,0,1],"scale":[24.001955,2,6],"triggerColor":[255,0,0,20]}
{"name":"lapSplit1","class":"BeamNGTrigger","persistentId":"1a32f8de-6141-48b1-8533-69967df60b0c","__parent":"mp_short_group","position":[142.963531,181.975906,28.3110809],"luaFunction":"onBeamNGTrigger","rotationMatrix":[0.577901602,0.816106379,0,-0.816106379,0.577901602,0,0,0,1],"scale":[28.5700951,2,6],"triggerColor":[0,255,255,20]}
{"name":"outOfBounds3","class":"BeamNGTrigger","persistentId":"26eda78d-4a87-4245-a0f0-7f450f607ae6","__parent":"mp_short_group","position":[-23.6836834,221.695328,27.0401459],"luaFunction":"onBeamNGTrigger","rotationMatrix":[0.997650683,-0.068506062,0,0.068506062,0.997650683,0,0,0,1],"scale":[75.0184784,2,6],"triggerColor":[255,0,0,20]}
{"name":"outOfBounds13","class":"BeamNGTrigger","persistentId":"2c908725-9e6c-43e4-9a53-2e4de75d0281","__parent":"mp_short_group","position":[-255.314178,367.963135,28.3515854],"luaFunction":"onBeamNGTrigger","rotationMatrix":[0.209950507,0.977711916,0,-0.977711916,0.209950507,0,0,0,1],"scale":[14.0858212,2,6],"triggerColor":[255,0,0,20]}
{"name":"outOfBounds1","class":"BeamNGTrigger","persistentId":"3858d699-3f0d-4d70-8585-61977a758ca7","__parent":"mp_short_group","position":[-85.8546753,187.508789,26.7166824],"luaFunction":"onBeamNGTrigger","rotationMatrix":[0.419139862,0.907921612,0,-0.907921612,0.419139862,0,0,0,1],"scale":[75.0184784,2,6],"triggerColor":[255,0,0,20]}
{"name":"outOfBounds4","class":"BeamNGTrigger","persistentId":"469a0859-a95f-4a34-9844-74350ad1aa41","__parent":"mp_short_group","position":[22.7148132,259.01532,28.6881886],"luaFunction":"onBeamNGTrigger","rotationMatrix":[0.74786067,-0.663855731,0,0.663855731,0.74786067,0,0,0,1],"scale":[51.5123558,2,6],"triggerColor":[255,0,0,20]}
{"name":"outOfBounds5","class":"BeamNGTrigger","persistentId":"55fd8ddc-7aa7-4a81-8b19-ba04c7118493","__parent":"mp_short_group","position":[-5.24084759,60.2862358,28.7501507],"luaFunction":"onBeamNGTrigger","rotationMatrix":[0.767701089,-0.640808046,0,0.640808046,0.767701089,0,0,0,1],"scale":[14.0858212,2,6],"triggerColor":[255,0,0,20]}
{"name":"outOfBounds12","class":"BeamNGTrigger","persistentId":"9cbe8470-5447-41bd-adcb-406ce8349c62","__parent":"mp_short_group","position":[-180.734451,358.955139,28.6380253],"luaFunction":"onBeamNGTrigger","rotationMatrix":[0.899048746,-0.437848538,0,0.437848538,0.899048746,0,0,0,1],"scale":[147.803253,2,6],"triggerColor":[255,0,0,20]}
{"name":"outOfBounds6","class":"BeamNGTrigger","persistentId":"a063e71b-1111-4518-8f88-ad8af001d370","__parent":"mp_short_group","position":[-39.9592781,37.9945908,27.1821194],"luaFunction":"onBeamNGTrigger","rotationMatrix":[0.767701089,-0.640808046,0,0.640808046,0.767701089,0,0,0,1],"scale":[14.0858212,2,6],"triggerColor":[255,0,0,20]}
{"name":"outOfBounds8","class":"BeamNGTrigger","persistentId":"aac1e442-a1d4-4a31-b7b6-fc85583a08a6","__parent":"mp_short_group","position":[102.292969,-349.888306,27.7684612],"luaFunction":"onBeamNGTrigger","rotationMatrix":[0.718703389,0.695316672,0,-0.695316672,0.718703389,0,0,0,1],"scale":[14.3544006,2,6],"triggerColor":[255,0,0,20]}
{"name":"startStop","class":"BeamNGTrigger","persistentId":"b6529c2c-cfda-43b7-88ae-d4dc7227b9e9","__parent":"mp_short_group","position":[-402.807373,244.846008,27.4882736],"luaFunction":"onBeamNGTrigger","rotationMatrix":[0.84413296,0.536133885,0,-0.536133885,0.84413296,0,0,0,1],"scale":[24.0699711,2,6],"triggerColor":[0,255,0,20]}
{"name":"outOfBounds14","class":"BeamNGTrigger","persistentId":"bccc81ef-4c3b-460c-ac70-dce1894db7e4","__parent":"mp_short_group","position":[-346.017426,411.308167,32.4471741],"luaFunction":"onBeamNGTrigger","rotationMatrix":[0.609286785,0.792949915,0,-0.792949915,0.609286785,0,0,0,1],"scale":[18.4231033,2,6],"triggerColor":[255,0,0,20]}
{"name":"outOfBounds9","class":"BeamNGTrigger","persistentId":"d21411bb-73a8-4165-9ca4-d380e1d18026","__parent":"mp_short_group","position":[-189.30928,339.608429,29.8531799],"luaFunction":"onBeamNGTrigger","rotationMatrix":[0.899048746,-0.437848538,0,0.437848538,0.899048746,0,0,0,1],"scale":[68.8489838,2,6],"triggerColor":[255,0,0,20]}
{"name":"outOfBounds10","class":"BeamNGTrigger","persistentId":"f2dcc654-5a54-4954-9639-6d1d06346659","__parent":"mp_short_group","position":[-167.327057,256.813599,33.2706146],"luaFunction":"onBeamNGTrigger","rotationMatrix":[-0.288058639,-0.957612932,0,0.957612932,-0.288058639,0,0,0,1],"scale":[96.8191833,2,6],"triggerColor":[255,0,0,20]}
{"name":"lapSplit2","class":"BeamNGTrigger","persistentId":"f32d28be-b795-44fd-b46c-4ed0d378c95d","__parent":"mp_short_group","position":[-208.823761,365.838318,29.4346218],"luaFunction":"onBeamNGTrigger","rotationMatrix":[0.504611313,0.863346577,0,-0.863346577,0.504611313,0,0,0,1],"scale":[36.6747437,2,6],"triggerColor":[0,255,255,20]}
{"name":"outOfBounds2","class":"BeamNGTrigger","persistentId":"f973dd04-0b6e-4141-8eb5-6ada020507ef","__parent":"mp_short_group","position":[-64.9271774,223.474976,27.1807346],"luaFunction":"onBeamNGTrigger","rotationMatrix":[0.838546097,0.54483062,0,-0.54483062,0.838546097,0,0,0,1],"scale":[14.0858212,2,6],"triggerColor":[255,0,0,20]}
{"class":"Prefab","persistentId":"5b4047bf-cb53-4afa-b177-31fbf2018f30","__parent":"mp_short_group","fileName":"/levels/hirochi_raceway/art/prefabs/barriers_red_shortcircuit1.prefab","mode":"Ignore"}
{"class":"Prefab","persistentId":"7db2c62e-966a-4814-b1ab-3bedb89820f6","__parent":"mp_short_group","fileName":"/levels/hirochi_raceway/art/prefabs/barriers_white_shortcircuit1.prefab","mode":"Ignore"}
{"name":"mp_short_group","class":"SimGroup","persistentId":"3de716ee-fd3b-4190-a97a-d5a192eee13f","groupPosition":"0 0 0"}
