{"class":"TSStatic","persistentId":"e847bf52-2b31-470f-9c7d-b5d15b795bf9","__parent":"meshroads","collisionType":"Visible Mesh Final","decalType":"Visible Mesh Final","isRenderEnabled":false,"shapeName":"/levels/hirochi_raceway/art/shapes/roads/meshroads5.dae","useInstanceRenderData":true}
{"class":"TSStatic","persistentId":"0ce775b4-58f3-4f4f-b449-2a53780c3ac0","__parent":"meshroads","collisionType":"Visible Mesh Final","decalType":"Visible Mesh Final","isRenderEnabled":false,"shapeName":"/levels/hirochi_raceway/art/shapes/roads/meshroads4.dae","useInstanceRenderData":true}
{"class":"TSStatic","persistentId":"09b4d6ee-97c4-4139-ad2e-504c881a9851","__parent":"meshroads","collisionType":"Visible Mesh Final","decalType":"Visible Mesh Final","isRenderEnabled":false,"shapeName":"/levels/hirochi_raceway/art/shapes/roads/meshroads8.dae"}
{"class":"TSStatic","persistentId":"2ac2fbc7-5907-4535-ba6e-127a7e66f627","__parent":"meshroads","collisionType":"Visible Mesh Final","decalType":"Visible Mesh Final","isRenderEnabled":false,"shapeName":"/levels/hirochi_raceway/art/shapes/roads/meshroads1.dae"}
{"class":"TSStatic","persistentId":"3df12182-0af9-4cc8-aefe-b2ef3925b1b2","__parent":"meshroads","collisionType":"Visible Mesh Final","decalType":"Visible Mesh Final","isRenderEnabled":false,"shapeName":"/levels/hirochi_raceway/art/shapes/roads/meshroads6.dae"}
{"class":"TSStatic","persistentId":"6ad12fb1-a82c-4757-a0e9-0a347154593f","__parent":"meshroads","collisionType":"Visible Mesh Final","decalType":"Visible Mesh Final","isRenderEnabled":false,"shapeName":"/levels/hirochi_raceway/art/shapes/roads/meshroads2.dae"}
{"class":"TSStatic","persistentId":"85e20601-c282-4340-8730-0a9f1ebe2063","__parent":"meshroads","collisionType":"Visible Mesh Final","decalType":"Visible Mesh Final","isRenderEnabled":false,"shapeName":"/levels/hirochi_raceway/art/shapes/roads/meshroads3.dae"}
{"class":"TSStatic","persistentId":"9f5fcbc4-ff17-4753-b06c-d1f38376fda5","__parent":"meshroads","collisionType":"Visible Mesh Final","decalType":"Visible Mesh Final","isRenderEnabled":false,"shapeName":"/levels/hirochi_raceway/art/shapes/roads/meshroads9.dae"}
