{"class":"TSStatic","persistentId":"677309d6-3224-4e64-a329-651d82cff5dd","__parent":"pumpjacks","position":[417.656281,822.276062,129.16153],"rotationMatrix":[0.535555422,-0.844500124,0,0.844500124,0.535555422,0,0,0,1],"shapeName":"/levels/west_coast_usa/art/shapes/objects/pumpjack_c.dae","useInstanceRenderData":true}
{"class":"TSStatic","persistentId":"598ded1c-50c6-4b4d-8fe9-d653350beb4b","__parent":"pumpjacks","position":[-559.787415,-104.365555,101.142708],"rotationMatrix":[0.677866697,-0.735184848,0,0.735184908,0.677866757,0,0,0,1],"shapeName":"/levels/west_coast_usa/art/shapes/objects/pumpjack_b.dae","useInstanceRenderData":true}
{"class":"TSStatic","persistentId":"115a7377-c0f4-4b20-aa02-226bfe18ae8c","__parent":"pumpjacks","position":[-753.499634,-323.195099,110.102325],"rotationMatrix":[0.711318552,-0.702869892,0,0.702869833,0.711318493,0,0,0,1],"shapeName":"/levels/west_coast_usa/art/shapes/objects/pumpjack_d.dae","useInstanceRenderData":true}
{"class":"TSStatic","persistentId":"15c20bb3-d4c0-4c7e-ac86-1619c24c8731","__parent":"pumpjacks","position":[-559.734924,-104.313278,104.79258],"rotationMatrix":[0.677866697,-0.735184848,0,0.735184908,0.677866757,0,0,0,1],"shapeName":"/levels/west_coast_usa/art/shapes/objects/pumpjack_e.dae","useInstanceRenderData":true}
{"class":"TSStatic","persistentId":"191e312f-b80b-4660-b900-72586ff29d27","__parent":"pumpjacks","position":[-672.7323,-250.07933,102.62606],"isRenderEnabled":false,"rotationMatrix":[0.765009165,-0.644019306,0,0.644019306,0.765009224,0,0,0,1],"shapeName":"/levels/west_coast_usa/art/shapes/objects/pumpjack_a.dae"}
{"class":"TSStatic","persistentId":"21ab1979-f215-42b9-bfca-9caac6b832b6","__parent":"pumpjacks","position":[-671.908813,-249.096283,105.248169],"rotationMatrix":[0.765009165,-0.644019306,0,0.644019306,0.765009224,0,0,0,1],"shapeName":"/levels/west_coast_usa/art/shapes/objects/pumpjack_b.dae","useInstanceRenderData":true}
{"class":"TSStatic","persistentId":"2361d1d3-c26d-45a1-a04d-b9c268b9ca52","__parent":"pumpjacks","position":[-671.86322,-249.038132,108.898041],"rotationMatrix":[0.765009165,-0.644019306,0,0.644019306,0.765009224,0,0,0,1],"shapeName":"/levels/west_coast_usa/art/shapes/objects/pumpjack_e.dae","useInstanceRenderData":true}
{"class":"TSStatic","persistentId":"2e43c907-6634-4a29-a752-ac26b331c157","__parent":"pumpjacks","position":[416.504822,821.548889,123.05938],"isRenderEnabled":false,"rotationMatrix":[0.535555422,-0.844500124,0,0.844500124,0.535555422,0,0,0,1],"shapeName":"/levels/west_coast_usa/art/shapes/objects/pumpjack_a.dae"}
{"class":"TSStatic","persistentId":"300db008-a166-4db4-bec4-9ec1f2487bc6","__parent":"pumpjacks","position":[-796.752014,-341.348511,108.175575],"rotationMatrix":[-0.644160032,-0.76489079,0,0.76489085,-0.644160032,0,0,0,1],"shapeName":"/levels/west_coast_usa/art/shapes/objects/pumpjack_d.dae","useInstanceRenderData":true}
{"class":"TSStatic","persistentId":"302e3f49-a9c9-4294-a52d-e2fa67f5c019","__parent":"pumpjacks","position":[-606.724548,-152.047226,106.057907],"rotationMatrix":[0.720906079,0.693032801,0,-0.693032801,0.720906079,0,0,0,1],"shapeName":"/levels/west_coast_usa/art/shapes/objects/pumpjack_c.dae","useInstanceRenderData":true}
{"class":"TSStatic","persistentId":"30d36c02-a475-4291-9d22-ef9d89f9aba0","__parent":"pumpjacks","position":[-730.967957,-281.417755,106.079643],"rotationMatrix":[0.701620221,0.712551117,0,-0.712551117,0.701620221,0,0,0,1],"shapeName":"/levels/west_coast_usa/art/shapes/objects/pumpjack_c.dae","useInstanceRenderData":true}
{"class":"TSStatic","persistentId":"36b46495-2c57-4388-9398-bac067191bba","__parent":"pumpjacks","position":[-795.077271,-342.766052,100.498909],"isRenderEnabled":false,"rotationMatrix":[-0.644160032,-0.76489079,0,0.76489085,-0.644160032,0,0,0,1],"shapeName":"/levels/west_coast_usa/art/shapes/objects/pumpjack_a.dae"}
{"class":"TSStatic","persistentId":"455ea4c3-98c2-4fdd-be35-8bf84e6116eb","__parent":"pumpjacks","position":[-559.725037,-104.315346,104.622749],"rotationMatrix":[0.677866697,-0.735184848,0,0.735184908,0.677866757,0,0,0,1],"shapeName":"/levels/west_coast_usa/art/shapes/objects/pumpjack_c.dae","useInstanceRenderData":true}
{"class":"TSStatic","persistentId":"46ee857e-c1c5-4c7c-9b2e-64b33f0519d2","__parent":"pumpjacks","position":[-953.324707,-521.97168,107.740433],"rotationMatrix":[-0.762345493,-0.647170305,0,0.647170305,-0.762345493,0,0,0,1],"shapeName":"/levels/west_coast_usa/art/shapes/objects/pumpjack_c.dae","useInstanceRenderData":true}
{"class":"TSStatic","persistentId":"5ae94a4d-19d3-48ca-8a3d-0ca9eb990a64","__parent":"pumpjacks","position":[-560.728149,-105.236877,98.5205994],"isRenderEnabled":false,"rotationMatrix":[0.677866697,-0.735184848,0,0.735184908,0.677866757,0,0,0,1],"shapeName":"/levels/west_coast_usa/art/shapes/objects/pumpjack_a.dae"}
{"class":"TSStatic","persistentId":"70edd11d-806d-4861-8062-3a16ff174b68","__parent":"pumpjacks","position":[-606.673157,-152.108688,102.577866],"rotationMatrix":[0.720906079,0.693032801,0,-0.693032801,0.720906079,0,0,0,1],"shapeName":"/levels/west_coast_usa/art/shapes/objects/pumpjack_b.dae","useInstanceRenderData":true}
{"class":"TSStatic","persistentId":"71d9eeea-1e2d-4e28-9b0a-ed114c37ee71","__parent":"pumpjacks","position":[-955.619873,-519.255188,109.314949],"rotationMatrix":[-0.762345493,-0.647170305,0,0.647170305,-0.762345493,0,0,0,1],"shapeName":"/levels/west_coast_usa/art/shapes/objects/pumpjack_d.dae","useInstanceRenderData":true}
{"class":"TSStatic","persistentId":"7ba8cd98-36a5-4d96-8c68-8502d60c13c9","__parent":"pumpjacks","position":[452.320709,780.09375,129.588928],"rotationMatrix":[-0.861516774,-0.507729292,0,0.507729232,-0.861516654,0,0,0,1],"shapeName":"/levels/west_coast_usa/art/shapes/objects/pumpjack_e.dae","useInstanceRenderData":true}
{"class":"TSStatic","persistentId":"7bc80258-6f54-4639-b8af-91cd4729dd0b","__parent":"pumpjacks","position":[-730.970032,-281.427948,106.249474],"rotationMatrix":[0.701620221,0.712551117,0,-0.712551117,0.701620221,0,0,0,1],"shapeName":"/levels/west_coast_usa/art/shapes/objects/pumpjack_e.dae","useInstanceRenderData":true}
{"class":"TSStatic","persistentId":"80af8c1f-693a-474c-b663-ca194a19a503","__parent":"pumpjacks","position":[452.281036,780.156067,125.939056],"rotationMatrix":[-0.861516774,-0.507729292,0,0.507729232,-0.861516654,0,0,0,1],"shapeName":"/levels/west_coast_usa/art/shapes/objects/pumpjack_b.dae","useInstanceRenderData":true}
{"class":"TSStatic","persistentId":"81bed500-be0e-43d5-ba19-4ec35ce4fbde","__parent":"pumpjacks","position":[417.585632,822.238403,125.681488],"rotationMatrix":[0.535555422,-0.844500124,0,0.844500124,0.535555422,0,0,0,1],"shapeName":"/levels/west_coast_usa/art/shapes/objects/pumpjack_b.dae","useInstanceRenderData":true}
{"class":"TSStatic","persistentId":"82af06e3-bace-4ff8-8295-922e958b0034","__parent":"pumpjacks","position":[-728.439575,-283.918793,107.65416],"rotationMatrix":[0.701620221,0.712551117,0,-0.712551117,0.701620221,0,0,0,1],"shapeName":"/levels/west_coast_usa/art/shapes/objects/pumpjack_d.dae","useInstanceRenderData":true}
{"class":"TSStatic","persistentId":"838890a6-2074-42e6-9573-3fb71d0e207e","__parent":"pumpjacks","position":[-794.09436,-343.589569,103.121017],"rotationMatrix":[-0.644160032,-0.76489079,0,0.76489085,-0.644160032,0,0,0,1],"shapeName":"/levels/west_coast_usa/art/shapes/objects/pumpjack_b.dae","useInstanceRenderData":true}
{"class":"TSStatic","persistentId":"8a261948-49e5-4f17-9dd3-8e36a814740d","__parent":"pumpjacks","position":[-604.265625,-154.616364,107.632423],"rotationMatrix":[0.720906079,0.693032801,0,-0.693032801,0.720906079,0,0,0,1],"shapeName":"/levels/west_coast_usa/art/shapes/objects/pumpjack_d.dae","useInstanceRenderData":true}
{"class":"TSStatic","persistentId":"8a398c91-1469-47bd-b3c8-433286a2bdd7","__parent":"pumpjacks","position":[-751.054749,-320.723572,105.047768],"rotationMatrix":[0.711318552,-0.702869892,0,0.702869833,0.711318493,0,0,0,1],"shapeName":"/levels/west_coast_usa/art/shapes/objects/pumpjack_b.dae","useInstanceRenderData":true}
{"class":"TSStatic","persistentId":"8a4a72ac-29b7-4df4-b96a-403254c65e75","__parent":"pumpjacks","position":[451.627228,781.258911,123.316948],"isRenderEnabled":false,"rotationMatrix":[-0.861516774,-0.507729292,0,0.507729232,-0.861516654,0,0,0,1],"shapeName":"/levels/west_coast_usa/art/shapes/objects/pumpjack_a.dae"}
{"class":"TSStatic","persistentId":"9a7cc660-5f5d-4e1c-af9c-972d8f716ebf","__parent":"pumpjacks","position":[-671.852966,-249.038712,108.72821],"rotationMatrix":[0.765009165,-0.644019306,0,0.644019306,0.765009224,0,0,0,1],"shapeName":"/levels/west_coast_usa/art/shapes/objects/pumpjack_c.dae","useInstanceRenderData":true}
{"class":"TSStatic","persistentId":"9c2bbfbf-f210-4a18-b9e2-54dc0be792e5","__parent":"pumpjacks","position":[-794.036987,-343.645447,106.601059],"rotationMatrix":[-0.644160032,-0.76489079,0,0.76489085,-0.644160032,0,0,0,1],"shapeName":"/levels/west_coast_usa/art/shapes/objects/pumpjack_c.dae","useInstanceRenderData":true}
{"class":"TSStatic","persistentId":"9e4ed529-aef0-47ff-aac7-4cef297e8507","__parent":"pumpjacks","position":[-562.344727,-106.719917,106.197266],"rotationMatrix":[0.677866697,-0.735184848,0,0.735184908,0.677866757,0,0,0,1],"shapeName":"/levels/west_coast_usa/art/shapes/objects/pumpjack_d.dae","useInstanceRenderData":true}
{"class":"TSStatic","persistentId":"9e96e671-ba69-484d-8535-17abd928fc83","__parent":"pumpjacks","position":[-729.999268,-282.375305,99.9774933],"isRenderEnabled":false,"rotationMatrix":[0.701620221,0.712551117,0,-0.712551117,0.701620221,0,0,0,1],"shapeName":"/levels/west_coast_usa/art/shapes/objects/pumpjack_a.dae"}
{"class":"TSStatic","persistentId":"a501de4a-10dd-4862-8ffc-2ad3edcd4a15","__parent":"pumpjacks","position":[-605.782227,-153.031113,99.9557571],"isRenderEnabled":false,"rotationMatrix":[0.720906079,0.693032801,0,-0.693032801,0.720906079,0,0,0,1],"shapeName":"/levels/west_coast_usa/art/shapes/objects/pumpjack_a.dae"}
{"class":"TSStatic","persistentId":"ae26a016-4166-4b24-a629-c5810639660c","__parent":"pumpjacks","position":[-750.994324,-320.671082,108.527809],"rotationMatrix":[0.711318552,-0.702869892,0,0.702869833,0.711318493,0,0,0,1],"shapeName":"/levels/west_coast_usa/art/shapes/objects/pumpjack_c.dae","useInstanceRenderData":true}
{"class":"TSStatic","persistentId":"c8443317-b3b3-4cb7-acb0-74db1da18d20","__parent":"pumpjacks","position":[452.316223,780.084412,129.419098],"rotationMatrix":[-0.861516774,-0.507729292,0,0.507729232,-0.861516654,0,0,0,1],"shapeName":"/levels/west_coast_usa/art/shapes/objects/pumpjack_c.dae","useInstanceRenderData":true}
{"class":"TSStatic","persistentId":"c8f6b195-8651-4f0c-8f92-571ceb15a86e","__parent":"pumpjacks","position":[-751.953552,-321.638184,102.425659],"isRenderEnabled":false,"rotationMatrix":[0.711318552,-0.702869892,0,0.702869833,0.711318493,0,0,0,1],"shapeName":"/levels/west_coast_usa/art/shapes/objects/pumpjack_a.dae"}
{"class":"TSStatic","persistentId":"c95f6350-03d7-4ac6-9c5b-b910f4508758","__parent":"pumpjacks","position":[-751.004272,-320.66925,108.697639],"rotationMatrix":[0.711318552,-0.702869892,0,0.702869833,0.711318493,0,0,0,1],"shapeName":"/levels/west_coast_usa/art/shapes/objects/pumpjack_e.dae","useInstanceRenderData":true}
{"class":"TSStatic","persistentId":"ca51d909-d0c5-42b8-8b22-dc10af716819","__parent":"pumpjacks","position":[414.648529,820.378418,130.736053],"rotationMatrix":[0.535555422,-0.844500124,0,0.844500124,0.535555422,0,0,0,1],"shapeName":"/levels/west_coast_usa/art/shapes/objects/pumpjack_d.dae","useInstanceRenderData":true}
{"class":"TSStatic","persistentId":"d6a78eed-aaad-408b-b04d-8b4c858d1f32","__parent":"pumpjacks","position":[-674.149353,-251.754211,110.302727],"rotationMatrix":[0.765009165,-0.644019306,0,0.644019306,0.765009224,0,0,0,1],"shapeName":"/levels/west_coast_usa/art/shapes/objects/pumpjack_d.dae","useInstanceRenderData":true}
{"class":"TSStatic","persistentId":"d782b2a0-35a3-46a8-ab93-5c5a45d740b9","__parent":"pumpjacks","position":[-606.726379,-152.057343,106.227737],"rotationMatrix":[0.720906079,0.693032801,0,-0.693032801,0.720906079,0,0,0,1],"shapeName":"/levels/west_coast_usa/art/shapes/objects/pumpjack_e.dae","useInstanceRenderData":true}
{"class":"TSStatic","persistentId":"dd50f9ff-6d25-4f4e-98f8-0d877cd28ceb","__parent":"pumpjacks","position":[-954.203857,-520.931763,101.638283],"isRenderEnabled":false,"rotationMatrix":[-0.762345493,-0.647170305,0,0.647170305,-0.762345493,0,0,0,1],"shapeName":"/levels/west_coast_usa/art/shapes/objects/pumpjack_a.dae"}
{"class":"TSStatic","persistentId":"ddc2fc7f-2277-44e2-a5eb-3f384489b3c8","__parent":"pumpjacks","position":[-953.321899,-521.961731,107.910263],"rotationMatrix":[-0.762345493,-0.647170305,0,0.647170305,-0.762345493,0,0,0,1],"shapeName":"/levels/west_coast_usa/art/shapes/objects/pumpjack_e.dae","useInstanceRenderData":true}
{"class":"TSStatic","persistentId":"e0efed3d-6eb3-41b8-876d-f42a15d94e63","__parent":"pumpjacks","position":[-794.036255,-343.635193,106.770889],"rotationMatrix":[-0.644160032,-0.76489079,0,0.76489085,-0.644160032,0,0,0,1],"shapeName":"/levels/west_coast_usa/art/shapes/objects/pumpjack_e.dae","useInstanceRenderData":true}
{"class":"TSStatic","persistentId":"ec553d3d-9d81-48fa-94e0-8066ba0b3673","__parent":"pumpjacks","position":[417.646759,822.28009,129.33136],"rotationMatrix":[0.535555422,-0.844500124,0,0.844500124,0.535555422,0,0,0,1],"shapeName":"/levels/west_coast_usa/art/shapes/objects/pumpjack_e.dae","useInstanceRenderData":true}
{"class":"TSStatic","persistentId":"eda8f2c4-d41e-4f2b-b380-d419ba1a47f5","__parent":"pumpjacks","position":[-953.371582,-521.907104,104.260391],"rotationMatrix":[-0.762345493,-0.647170305,0,0.647170305,-0.762345493,0,0,0,1],"shapeName":"/levels/west_coast_usa/art/shapes/objects/pumpjack_b.dae","useInstanceRenderData":true}
{"class":"TSStatic","persistentId":"f4c10596-5573-4299-af69-a73a38017244","__parent":"pumpjacks","position":[450.517761,783.152283,130.993607],"rotationMatrix":[-0.861516774,-0.507729292,0,0.507729232,-0.861516654,0,0,0,1],"shapeName":"/levels/west_coast_usa/art/shapes/objects/pumpjack_d.dae","useInstanceRenderData":true}
{"class":"TSStatic","persistentId":"f6a16f3c-f80a-4d7e-84e2-9d885536ad7d","__parent":"pumpjacks","position":[-730.915527,-281.47821,102.599602],"rotationMatrix":[0.701620221,0.712551117,0,-0.712551117,0.701620221,0,0,0,1],"shapeName":"/levels/west_coast_usa/art/shapes/objects/pumpjack_b.dae","useInstanceRenderData":true}
