{"class":"DecalRoad","persistentId":"cbf2e212-5b1d-4231-bac2-c981b5050514","__parent":"gas_stations_decalroads","position":[-816.001526,859.402283,74.8726273],"improvedSpline":true,"material":"decalroad_concrete","nodes":[[-816.001526,859.402283,74.8726273,7.75],[-788.906372,859.403809,74.8667603,7.75]],"renderPriority":21,"textureLength":10}
{"class":"DecalRoad","persistentId":"d9e67d9b-1a34-459a-95f0-4a231cf3720d","__parent":"gas_stations_decalroads","position":[-816.001526,851.659973,74.8726273],"improvedSpline":true,"material":"decalroad_concrete","nodes":[[-816.001526,851.659973,74.8726273,7.75],[-788.906372,851.661499,74.8667603,7.75]],"renderPriority":21,"textureLength":10}
{"class":"DecalRoad","persistentId":"233c8880-d5a9-4446-a0f9-b55fcb7cf848","__parent":"gas_stations_decalroads","position":[-816.001526,843.905823,74.8726273],"improvedSpline":true,"material":"decalroad_concrete","nodes":[[-816.001526,843.905823,74.8726273,7.75],[-788.906372,843.907349,74.8667603,7.75]],"renderPriority":21,"textureLength":10}
{"name":"p_gas_station_trigger_zones","class":"Prefab","persistentId":"20a43c63-3964-4c18-8243-8c5aae8e7c28","__parent":"gas_stations_decalroads","position":[-179.435852,242.711777,102.746765],"filename":"/levels/west_coast_usa/art/prefabs/p_gas_station_trigger_zones.prefab"}
