{"name":"Whoosh_Bridge_1","class":"SFXEmitter","persistentId":"e9f73933-f488-4365-8cef-0f9526397daa","__parent":"Whooshes","position":[-358.627045,213.775146,24.9980412],"fadeInTime":0,"fadeOutTime":0,"isLooping":false,"locked":true,"maxDistance":21,"rangeSphereColor":[0,1,0.870588005,0.300000012],"referenceDistance":4,"rotationMatrix":[1,0,0,0,0.999999762,-0.000690533896,0,0.000690533896,0.999999762],"scale":[21,21,21]}
{"name":"Whoosh_Bridge_10","class":"SFXEmitter","persistentId":"792672e2-11a0-40ce-9714-631e18794be7","__parent":"Whooshes","position":[-47.1455421,-0.382062912,25.4648571],"fadeInTime":0,"fadeOutTime":0,"isLooping":false,"locked":true,"maxDistance":21,"rangeSphereColor":[0,1,0.870588005,0.300000012],"referenceDistance":4,"rotationMatrix":[1,0,0,0,0.999999762,-0.000690533896,0,0.000690533896,0.999999762],"scale":[21,21,21]}
{"name":"Whoosh_Bridge_11","class":"SFXEmitter","persistentId":"0f9e3756-fef1-4d3b-937b-95c1c13f87ac","__parent":"Whooshes","position":[310.840424,52.8499947,25.2021408],"fadeInTime":0,"fadeOutTime":0,"isLooping":false,"locked":true,"maxDistance":21,"rangeSphereColor":[0,1,0.870588005,0.300000012],"referenceDistance":4,"rotationMatrix":[1,0,0,0,0.999999762,-0.000690533896,0,0.000690533896,0.999999762],"scale":[21,21,21]}
{"name":"Whoosh_Bridge_12","class":"SFXEmitter","persistentId":"e6b24cba-329a-4277-8f74-750c842c6b76","__parent":"Whooshes","position":[331.64975,74.1691284,24.9643192],"fadeInTime":0,"fadeOutTime":0,"isLooping":false,"locked":true,"maxDistance":21,"rangeSphereColor":[0,1,0.870588005,0.300000012],"referenceDistance":4,"rotationMatrix":[1,0,0,0,0.999999762,-0.000690533896,0,0.000690533896,0.999999762],"scale":[21,21,21]}
{"name":"Whoosh_Bridge_2","class":"SFXEmitter","persistentId":"de615583-835b-4a1f-9ffb-977dcaa05fee","__parent":"Whooshes","position":[-386.316772,196.144989,25.0363159],"fadeInTime":0,"fadeOutTime":0,"isLooping":false,"locked":true,"maxDistance":21,"rangeSphereColor":[0,1,0.870588005,0.300000012],"referenceDistance":4,"rotationMatrix":[1,0,0,0,0.999999762,-0.000690533896,0,0.000690533896,0.999999762],"scale":[21,21,21]}
{"name":"Whoosh_Bridge_3","class":"SFXEmitter","persistentId":"2ea8a9e0-ef0b-428e-93e7-6cac0f80734b","__parent":"Whooshes","position":[-305.006561,97.5855637,25.3495789],"fadeInTime":0,"fadeOutTime":0,"isLooping":false,"locked":true,"maxDistance":21,"rangeSphereColor":[0,1,0.870588005,0.300000012],"referenceDistance":4,"rotationMatrix":[1,0,0,0,0.999999762,-0.000690533896,0,0.000690533896,0.999999762],"scale":[21,21,21]}
{"name":"Whoosh_Bridge_4","class":"SFXEmitter","persistentId":"961a2abe-9a07-4f5e-8e43-8bc63c0797d2","__parent":"Whooshes","position":[-291.777008,118.509338,24.4888287],"fadeInTime":0,"fadeOutTime":0,"isLooping":false,"locked":true,"maxDistance":21,"rangeSphereColor":[0,1,0.870588005,0.300000012],"referenceDistance":4,"rotationMatrix":[1,0,0,0,0.999999762,-0.000690533896,0,0.000690533896,0.999999762],"scale":[21,21,21]}
{"name":"Whoosh_Bridge_5","class":"SFXEmitter","persistentId":"47900372-4e04-404c-99e6-12ea2c274d21","__parent":"Whooshes","position":[-204.155304,112.097809,24.8737202],"fadeInTime":0,"fadeOutTime":0,"isLooping":false,"locked":true,"maxDistance":21,"rangeSphereColor":[0,1,0.870588005,0.300000012],"referenceDistance":4,"rotationMatrix":[1,0,0,0,0.999999762,-0.000690533896,0,0.000690533896,0.999999762],"scale":[21,21,21]}
{"name":"Whoosh_Bridge_6","class":"SFXEmitter","persistentId":"92758211-b754-4719-83d5-efd4fe9152c5","__parent":"Whooshes","position":[-212.922913,84.0786285,25.1676826],"fadeInTime":0,"fadeOutTime":0,"isLooping":false,"locked":true,"maxDistance":21,"rangeSphereColor":[0,1,0.870588005,0.300000012],"referenceDistance":4,"rotationMatrix":[1,0,0,0,0.999999762,-0.000690533896,0,0.000690533896,0.999999762],"scale":[21,21,21]}
{"name":"Whoosh_Bridge_7","class":"SFXEmitter","persistentId":"a03edd7c-58e6-46ac-981e-4b92d14daa9d","__parent":"Whooshes","position":[-124.879852,133.400665,25.10779],"fadeInTime":0,"fadeOutTime":0,"isLooping":false,"locked":true,"maxDistance":21,"rangeSphereColor":[0,1,0.870588005,0.300000012],"referenceDistance":4,"rotationMatrix":[1,0,0,0,0.999999762,-0.000690533896,0,0.000690533896,0.999999762],"scale":[21,21,21]}
{"name":"Whoosh_Bridge_8","class":"SFXEmitter","persistentId":"4aaf0c5c-7999-4b4a-a3b3-9158f3497d09","__parent":"Whooshes","position":[-139.603378,157.366898,24.7209225],"fadeInTime":0,"fadeOutTime":0,"isLooping":false,"locked":true,"maxDistance":21,"rangeSphereColor":[0,1,0.870588005,0.300000012],"referenceDistance":4,"rotationMatrix":[1,0,0,0,0.999999762,-0.000690533896,0,0.000690533896,0.999999762],"scale":[21,21,21]}
{"name":"Whoosh_Bridge_9","class":"SFXEmitter","persistentId":"210dc20b-15fe-46b7-9c1d-736c8dd039af","__parent":"Whooshes","position":[-62.2297935,25.7337322,24.4166431],"fadeInTime":0,"fadeOutTime":0,"isLooping":false,"locked":true,"maxDistance":21,"rangeSphereColor":[0,1,0.870588005,0.300000012],"referenceDistance":4,"rotationMatrix":[1,0,0,0,0.999999762,-0.000690533896,0,0.000690533896,0.999999762],"scale":[21,21,21]}
{"name":"Whoosh_Pole_1","class":"SFXEmitter","persistentId":"2a986b5e-09aa-429e-8090-be9e02c22d9a","__parent":"Whooshes","position":[-2.62408566,-23.5896893,25.0296879],"fadeInTime":0,"fadeOutTime":0,"isLooping":false,"locked":true,"maxDistance":25,"rangeSphereColor":[0,1,0.870588005,0.300000012],"referenceDistance":7,"rotationMatrix":[1,0,0,0,0.999999762,-0.000690533896,0,0.000690533896,0.999999762],"scale":[25,25,25]}
{"name":"Whoosh_Pole_10","class":"SFXEmitter","persistentId":"e72a14d3-abe2-4125-b1e0-394fb6d3e3ca","__parent":"Whooshes","position":[-539.014587,-22.1377831,25.5182171],"fadeInTime":0,"fadeOutTime":0,"isLooping":false,"locked":true,"maxDistance":25,"rangeSphereColor":[0,1,0.870588005,0.300000012],"referenceDistance":7,"rotationMatrix":[1,0,0,0,0.999999762,-0.000690533896,0,0.000690533896,0.999999762],"scale":[25,25,25]}
{"name":"Whoosh_Pole_11","class":"SFXEmitter","persistentId":"9c77c268-78e4-43c4-a3b6-93f027ac2866","__parent":"Whooshes","position":[-488.55069,2.06238222,27.1370907],"fadeInTime":0,"fadeOutTime":0,"isLooping":false,"locked":true,"maxDistance":25,"rangeSphereColor":[0,1,0.870588005,0.300000012],"referenceDistance":7,"rotationMatrix":[1,0,0,0,0.999999762,-0.000690533896,0,0.000690533896,0.999999762],"scale":[25,25,25]}
{"name":"Whoosh_Pole_12","class":"SFXEmitter","persistentId":"ade40f7e-cfe0-45a9-8e9d-47b5f97ebd12","__parent":"Whooshes","position":[-438.598541,11.0512495,30.2074127],"fadeInTime":0,"fadeOutTime":0,"isLooping":false,"locked":true,"maxDistance":25,"rangeSphereColor":[0,1,0.870588005,0.300000012],"referenceDistance":7,"rotationMatrix":[1,0,0,0,0.999999762,-0.000690533896,0,0.000690533896,0.999999762],"scale":[25,25,25]}
{"name":"Whoosh_Pole_13","class":"SFXEmitter","persistentId":"90c671d8-4928-4bbe-aaaf-8c0d1e6d31fa","__parent":"Whooshes","position":[-377.46286,23.1089706,31.7552299],"fadeInTime":0,"fadeOutTime":0,"isLooping":false,"locked":true,"maxDistance":25,"rangeSphereColor":[0,1,0.870588005,0.300000012],"referenceDistance":7,"rotationMatrix":[1,0,0,0,0.999999762,-0.000690533896,0,0.000690533896,0.999999762],"scale":[25,25,25]}
{"name":"Whoosh_Pole_14","class":"SFXEmitter","persistentId":"a830d100-b3b6-4e2a-8604-5605b681447b","__parent":"Whooshes","position":[-413.237488,-28.6365051,29.9021587],"fadeInTime":0,"fadeOutTime":0,"isLooping":false,"locked":true,"maxDistance":25,"rangeSphereColor":[0,1,0.870588005,0.300000012],"referenceDistance":7,"rotationMatrix":[1,0,0,0,0.999999762,-0.000690533896,0,0.000690533896,0.999999762],"scale":[25,25,25]}
{"name":"Whoosh_Pole_15","class":"SFXEmitter","persistentId":"8752ef06-68ff-45ae-bef2-5de79606a52a","__parent":"Whooshes","position":[-381.095886,-73.161438,30.9704628],"fadeInTime":0,"fadeOutTime":0,"isLooping":false,"locked":true,"maxDistance":25,"rangeSphereColor":[0,1,0.870588005,0.300000012],"referenceDistance":7,"rotationMatrix":[1,0,0,0,0.999999762,-0.000690533896,0,0.000690533896,0.999999762],"scale":[25,25,25]}
{"name":"Whoosh_Pole_16","class":"SFXEmitter","persistentId":"08ea9668-b120-4819-b773-4ccf5afc9938","__parent":"Whooshes","position":[-319.092773,-109.954262,37.2551956],"fadeInTime":0,"fadeOutTime":0,"isLooping":false,"locked":true,"maxDistance":25,"rangeSphereColor":[0,1,0.870588005,0.300000012],"referenceDistance":7,"rotationMatrix":[1,0,0,0,0.999999762,-0.000690533896,0,0.000690533896,0.999999762],"scale":[25,25,25]}
{"name":"Whoosh_Pole_17","class":"SFXEmitter","persistentId":"8cf08bb5-35cb-4b7e-a1d4-42be9dfa148a","__parent":"Whooshes","position":[-300.872681,-163.128311,41.2984428],"fadeInTime":0,"fadeOutTime":0,"isLooping":false,"locked":true,"maxDistance":25,"rangeSphereColor":[0,1,0.870588005,0.300000012],"referenceDistance":7,"rotationMatrix":[1,0,0,0,0.999999762,-0.000690533896,0,0.000690533896,0.999999762],"scale":[25,25,25]}
{"name":"Whoosh_Pole_18","class":"SFXEmitter","persistentId":"c11c11e5-7fc0-42bd-8c1c-853a9a869ac5","__parent":"Whooshes","position":[-256.94577,-197.188202,39.7076187],"fadeInTime":0,"fadeOutTime":0,"isLooping":false,"locked":true,"maxDistance":25,"rangeSphereColor":[0,1,0.870588005,0.300000012],"referenceDistance":7,"rotationMatrix":[1,0,0,0,0.999999762,-0.000690533896,0,0.000690533896,0.999999762],"scale":[25,25,25]}
{"name":"Whoosh_Pole_19","class":"SFXEmitter","persistentId":"fff26889-c7e3-49b6-a8b2-c023b31e5c0a","__parent":"Whooshes","position":[-206.044708,-225.434662,38.0903168],"fadeInTime":0,"fadeOutTime":0,"isLooping":false,"locked":true,"maxDistance":25,"rangeSphereColor":[0,1,0.870588005,0.300000012],"referenceDistance":7,"rotationMatrix":[1,0,0,0,0.999999762,-0.000690533896,0,0.000690533896,0.999999762],"scale":[25,25,25]}
{"name":"Whoosh_Pole_2","class":"SFXEmitter","persistentId":"13d57936-850d-4255-9b29-b6f9cf2db7c6","__parent":"Whooshes","position":[33.435257,-70.852005,24.9893932],"fadeInTime":0,"fadeOutTime":0,"isLooping":false,"locked":true,"maxDistance":25,"rangeSphereColor":[0,1,0.870588005,0.300000012],"referenceDistance":7,"rotationMatrix":[1,0,0,0,0.999999762,-0.000690533896,0,0.000690533896,0.999999762],"scale":[25,25,25]}
{"name":"Whoosh_Pole_20","class":"SFXEmitter","persistentId":"9f51f80a-e516-4256-84c3-8876823abc5f","__parent":"Whooshes","position":[-150.520432,-223.795776,36.6167946],"fadeInTime":0,"fadeOutTime":0,"isLooping":false,"locked":true,"maxDistance":25,"rangeSphereColor":[0,1,0.870588005,0.300000012],"referenceDistance":7,"rotationMatrix":[1,0,0,0,0.999999762,-0.000690533896,0,0.000690533896,0.999999762],"scale":[25,25,25]}
{"name":"Whoosh_Pole_21","class":"SFXEmitter","persistentId":"713e5abc-593a-46fa-8766-19e080a985e8","__parent":"Whooshes","position":[-119.973907,-194.151245,35.1556206],"fadeInTime":0,"fadeOutTime":0,"isLooping":false,"locked":true,"maxDistance":25,"rangeSphereColor":[0,1,0.870588005,0.300000012],"referenceDistance":7,"rotationMatrix":[1,0,0,0,0.999999762,-0.000690533896,0,0.000690533896,0.999999762],"scale":[25,25,25]}
{"name":"Whoosh_Pole_22","class":"SFXEmitter","persistentId":"54bd2468-9dc0-4ef7-8826-e9924b54ed70","__parent":"Whooshes","position":[-83.9519196,-148.422897,30.6991501],"fadeInTime":0,"fadeOutTime":0,"isLooping":false,"locked":true,"maxDistance":25,"rangeSphereColor":[0,1,0.870588005,0.300000012],"referenceDistance":7,"rotationMatrix":[1,0,0,0,0.999999762,-0.000690533896,0,0.000690533896,0.999999762],"scale":[25,25,25]}
{"name":"Whoosh_Pole_23","class":"SFXEmitter","persistentId":"70ba80f4-d843-413d-943b-8235cf0e5deb","__parent":"Whooshes","position":[325.390686,-211.362701,45.2508659],"fadeInTime":0,"fadeOutTime":0,"isLooping":false,"locked":true,"maxDistance":25,"rangeSphereColor":[0,1,0.870588005,0.300000012],"referenceDistance":7,"rotationMatrix":[1,0,0,0,0.999999762,-0.000690533896,0,0.000690533896,0.999999762],"scale":[25,25,25]}
{"name":"Whoosh_Pole_24","class":"SFXEmitter","persistentId":"46d94f92-7a2c-4101-98c7-86e899045b7e","__parent":"Whooshes","position":[363.840637,-199.538605,42.3829079],"fadeInTime":0,"fadeOutTime":0,"isLooping":false,"locked":true,"maxDistance":25,"rangeSphereColor":[0,1,0.870588005,0.300000012],"referenceDistance":7,"rotationMatrix":[1,0,0,0,0.999999762,-0.000690533896,0,0.000690533896,0.999999762],"scale":[25,25,25]}
{"name":"Whoosh_Pole_25","class":"SFXEmitter","persistentId":"8605d111-6204-4726-ae56-90483dc5c5f8","__parent":"Whooshes","position":[436.368439,-171.341888,33.9941597],"fadeInTime":0,"fadeOutTime":0,"isLooping":false,"locked":true,"maxDistance":25,"rangeSphereColor":[0,1,0.870588005,0.300000012],"referenceDistance":7,"rotationMatrix":[1,0,0,0,0.999999762,-0.000690533896,0,0.000690533896,0.999999762],"scale":[25,25,25]}
{"name":"Whoosh_Pole_26","class":"SFXEmitter","persistentId":"65326734-0c09-4b79-b738-3f07ac02b156","__parent":"Whooshes","position":[472.894714,-155.414597,32.9504547],"fadeInTime":0,"fadeOutTime":0,"isLooping":false,"locked":true,"maxDistance":25,"rangeSphereColor":[0,1,0.870588005,0.300000012],"referenceDistance":7,"rotationMatrix":[1,0,0,0,0.999999762,-0.000690533896,0,0.000690533896,0.999999762],"scale":[25,25,25]}
{"name":"Whoosh_Pole_27","class":"SFXEmitter","persistentId":"8404d3f2-7fc5-4387-b334-66b5c9743697","__parent":"Whooshes","position":[508.424683,-135.730591,35.9277153],"fadeInTime":0,"fadeOutTime":0,"isLooping":false,"locked":true,"maxDistance":25,"rangeSphereColor":[0,1,0.870588005,0.300000012],"referenceDistance":7,"rotationMatrix":[1,0,0,0,0.999999762,-0.000690533896,0,0.000690533896,0.999999762],"scale":[25,25,25]}
{"name":"Whoosh_Pole_28","class":"SFXEmitter","persistentId":"13022b8a-9ed3-44c5-9ef3-2a304cf74022","__parent":"Whooshes","position":[542.263733,-107.58799,40.9054222],"fadeInTime":0,"fadeOutTime":0,"isLooping":false,"locked":true,"maxDistance":25,"rangeSphereColor":[0,1,0.870588005,0.300000012],"referenceDistance":7,"rotationMatrix":[1,0,0,0,0.999999762,-0.000690533896,0,0.000690533896,0.999999762],"scale":[25,25,25]}
{"name":"Whoosh_Pole_29","class":"SFXEmitter","persistentId":"e628046f-4736-4ea1-9e47-cf517f05988c","__parent":"Whooshes","position":[555.457581,-75.5627365,43.5780182],"fadeInTime":0,"fadeOutTime":0,"isLooping":false,"locked":true,"maxDistance":25,"rangeSphereColor":[0,1,0.870588005,0.300000012],"referenceDistance":7,"rotationMatrix":[1,0,0,0,0.999999762,-0.000690533896,0,0.000690533896,0.999999762],"scale":[25,25,25]}
{"name":"Whoosh_Pole_3","class":"SFXEmitter","persistentId":"58dd851c-2dbe-44d8-8272-38bb4079775d","__parent":"Whooshes","position":[87.1338348,-90.4931259,25.364954],"fadeInTime":0,"fadeOutTime":0,"isLooping":false,"locked":true,"maxDistance":25,"rangeSphereColor":[0,1,0.870588005,0.300000012],"referenceDistance":7,"rotationMatrix":[1,0,0,0,0.999999762,-0.000690533896,0,0.000690533896,0.999999762],"scale":[25,25,25]}
{"name":"Whoosh_Pole_30","class":"SFXEmitter","persistentId":"dec40851-1563-4538-aaf9-e5c20d182067","__parent":"Whooshes","position":[566.982788,-37.0192413,45.698822],"fadeInTime":0,"fadeOutTime":0,"isLooping":false,"locked":true,"maxDistance":25,"rangeSphereColor":[0,1,0.870588005,0.300000012],"referenceDistance":7,"rotationMatrix":[1,0,0,0,0.999999762,-0.000690533896,0,0.000690533896,0.999999762],"scale":[25,25,25]}
{"name":"Whoosh_Pole_31","class":"SFXEmitter","persistentId":"e10be77b-fc73-42a4-b8d8-6ba54a728417","__parent":"Whooshes","position":[580.0047,0.83900547,45.4939537],"fadeInTime":0,"fadeOutTime":0,"isLooping":false,"locked":true,"maxDistance":25,"rangeSphereColor":[0,1,0.870588005,0.300000012],"referenceDistance":7,"rotationMatrix":[1,0,0,0,0.999999762,-0.000690533896,0,0.000690533896,0.999999762],"scale":[25,25,25]}
{"name":"Whoosh_Pole_32","class":"SFXEmitter","persistentId":"00ff8243-09a8-488c-b3d6-d6dd30fdb21e","__parent":"Whooshes","position":[591.500122,40.3794746,42.603756],"fadeInTime":0,"fadeOutTime":0,"isLooping":false,"locked":true,"maxDistance":25,"rangeSphereColor":[0,1,0.870588005,0.300000012],"referenceDistance":7,"rotationMatrix":[1,0,0,0,0.999999762,-0.000690533896,0,0.000690533896,0.999999762],"scale":[25,25,25]}
{"name":"Whoosh_Pole_33","class":"SFXEmitter","persistentId":"7c227343-e419-48b7-a07b-137c4f637d1f","__parent":"Whooshes","position":[584.432007,78.4668198,40.4875526],"fadeInTime":0,"fadeOutTime":0,"isLooping":false,"locked":true,"maxDistance":25,"rangeSphereColor":[0,1,0.870588005,0.300000012],"referenceDistance":7,"rotationMatrix":[1,0,0,0,0.999999762,-0.000690533896,0,0.000690533896,0.999999762],"scale":[25,25,25]}
{"name":"Whoosh_Pole_34","class":"SFXEmitter","persistentId":"d24ba07d-7c03-4a3f-b269-5be4dce502e0","__parent":"Whooshes","position":[547.648193,107.789696,34.998127],"fadeInTime":0,"fadeOutTime":0,"isLooping":false,"locked":true,"maxDistance":25,"rangeSphereColor":[0,1,0.870588005,0.300000012],"referenceDistance":7,"rotationMatrix":[1,0,0,0,0.999999762,-0.000690533896,0,0.000690533896,0.999999762],"scale":[25,25,25]}
{"name":"Whoosh_Pole_35","class":"SFXEmitter","persistentId":"36bf0ae8-ed27-4a08-8fee-870dc0ef9dbe","__parent":"Whooshes","position":[493.102814,111.985138,29.5296059],"fadeInTime":0,"fadeOutTime":0,"isLooping":false,"locked":true,"maxDistance":25,"rangeSphereColor":[0,1,0.870588005,0.300000012],"referenceDistance":7,"rotationMatrix":[1,0,0,0,0.999999762,-0.000690533896,0,0.000690533896,0.999999762],"scale":[25,25,25]}
{"name":"Whoosh_Pole_36","class":"SFXEmitter","persistentId":"adf24a1c-a19d-4602-922e-72e57ea6d2fc","__parent":"Whooshes","position":[449.055603,121.039391,25.3267345],"fadeInTime":0,"fadeOutTime":0,"isLooping":false,"locked":true,"maxDistance":25,"rangeSphereColor":[0,1,0.870588005,0.300000012],"referenceDistance":7,"rotationMatrix":[1,0,0,0,0.999999762,-0.000690533896,0,0.000690533896,0.999999762],"scale":[25,25,25]}
{"name":"Whoosh_Pole_37","class":"SFXEmitter","persistentId":"c252b68b-9e78-4d64-9827-fd9717f2ae36","__parent":"Whooshes","position":[412.355621,125.790199,25.1455917],"fadeInTime":0,"fadeOutTime":0,"isLooping":false,"locked":true,"maxDistance":25,"rangeSphereColor":[0,1,0.870588005,0.300000012],"referenceDistance":7,"rotationMatrix":[1,0,0,0,0.999999762,-0.000690533896,0,0.000690533896,0.999999762],"scale":[25,25,25]}
{"name":"Whoosh_Pole_38","class":"SFXEmitter","persistentId":"bb45459f-79b3-4e51-8598-cadcb76f061c","__parent":"Whooshes","position":[383.615387,149.701309,26.3321304],"fadeInTime":0,"fadeOutTime":0,"isLooping":false,"locked":true,"maxDistance":25,"rangeSphereColor":[0,1,0.870588005,0.300000012],"referenceDistance":7,"rotationMatrix":[1,0,0,0,0.999999762,-0.000690533896,0,0.000690533896,0.999999762],"scale":[25,25,25]}
{"name":"Whoosh_Pole_39","class":"SFXEmitter","persistentId":"f197e91f-1ade-4a1d-ba46-483fc30d5ef1","__parent":"Whooshes","position":[345.267578,185.649246,30.1441727],"fadeInTime":0,"fadeOutTime":0,"isLooping":false,"locked":true,"maxDistance":25,"rangeSphereColor":[0,1,0.870588005,0.300000012],"referenceDistance":7,"rotationMatrix":[1,0,0,0,0.999999762,-0.000690533896,0,0.000690533896,0.999999762],"scale":[25,25,25]}
{"name":"Whoosh_Pole_4","class":"SFXEmitter","persistentId":"68bc5662-2e55-48e6-a177-50d96867f540","__parent":"Whooshes","position":[144.190384,-94.2309341,24.8974075],"fadeInTime":0,"fadeOutTime":0,"isLooping":false,"locked":true,"maxDistance":25,"rangeSphereColor":[0,1,0.870588005,0.300000012],"referenceDistance":7,"rotationMatrix":[1,0,0,0,0.999999762,-0.000690533896,0,0.000690533896,0.999999762],"scale":[25,25,25]}
{"name":"Whoosh_Pole_40","class":"SFXEmitter","persistentId":"52c61613-fad9-4432-9c49-a18498ed2ec6","__parent":"Whooshes","position":[322.966187,234.822403,33.8303947],"fadeInTime":0,"fadeOutTime":0,"isLooping":false,"locked":true,"maxDistance":25,"rangeSphereColor":[0,1,0.870588005,0.300000012],"referenceDistance":7,"rotationMatrix":[1,0,0,0,0.999999762,-0.000690533896,0,0.000690533896,0.999999762],"scale":[25,25,25]}
{"name":"Whoosh_Pole_41","class":"SFXEmitter","persistentId":"e07ca360-6190-4ba5-8647-51c4d57567e2","__parent":"Whooshes","position":[299.969666,285.255005,37.3337326],"fadeInTime":0,"fadeOutTime":0,"isLooping":false,"locked":true,"maxDistance":25,"rangeSphereColor":[0,1,0.870588005,0.300000012],"referenceDistance":7,"rotationMatrix":[1,0,0,0,0.999999762,-0.000690533896,0,0.000690533896,0.999999762],"scale":[25,25,25]}
{"name":"Whoosh_Pole_42","class":"SFXEmitter","persistentId":"cced6d1d-2975-4b93-91b8-4260295380f8","__parent":"Whooshes","position":[269.733521,330.157166,37.2235947],"fadeInTime":0,"fadeOutTime":0,"isLooping":false,"locked":true,"maxDistance":25,"rangeSphereColor":[0,1,0.870588005,0.300000012],"referenceDistance":7,"rotationMatrix":[1,0,0,0,0.999999762,-0.000690533896,0,0.000690533896,0.999999762],"scale":[25,25,25]}
{"name":"Whoosh_Pole_43","class":"SFXEmitter","persistentId":"aed7ddf8-16cd-4dee-8d83-705a625ccc59","__parent":"Whooshes","position":[221.40831,356.759613,35.7099724],"fadeInTime":0,"fadeOutTime":0,"isLooping":false,"locked":true,"maxDistance":25,"rangeSphereColor":[0,1,0.870588005,0.300000012],"referenceDistance":7,"rotationMatrix":[1,0,0,0,0.999999762,-0.000690533896,0,0.000690533896,0.999999762],"scale":[25,25,25]}
{"name":"Whoosh_Pole_44","class":"SFXEmitter","persistentId":"a01073f9-eabd-41a2-9358-95939476af6b","__parent":"Whooshes","position":[165.394028,349.109497,31.8955498],"fadeInTime":0,"fadeOutTime":0,"isLooping":false,"locked":true,"maxDistance":25,"rangeSphereColor":[0,1,0.870588005,0.300000012],"referenceDistance":7,"rotationMatrix":[1,0,0,0,0.999999762,-0.000690533896,0,0.000690533896,0.999999762],"scale":[25,25,25]}
{"name":"Whoosh_Pole_45","class":"SFXEmitter","persistentId":"420dfc9b-7f4b-43d5-899a-447733349fb2","__parent":"Whooshes","position":[109.659798,345.241882,27.9541759],"fadeInTime":0,"fadeOutTime":0,"isLooping":false,"locked":true,"maxDistance":25,"rangeSphereColor":[0,1,0.870588005,0.300000012],"referenceDistance":7,"rotationMatrix":[1,0,0,0,0.999999762,-0.000690533896,0,0.000690533896,0.999999762],"scale":[25,25,25]}
{"name":"Whoosh_Pole_46","class":"SFXEmitter","persistentId":"53b18c16-9672-4360-b94e-c701270676da","__parent":"Whooshes","position":[55.1748314,343.510651,27.8282986],"fadeInTime":0,"fadeOutTime":0,"isLooping":false,"locked":true,"maxDistance":25,"rangeSphereColor":[0,1,0.870588005,0.300000012],"referenceDistance":7,"rotationMatrix":[1,0,0,0,0.999999762,-0.000690533896,0,0.000690533896,0.999999762],"scale":[25,25,25]}
{"name":"Whoosh_Pole_47","class":"SFXEmitter","persistentId":"9b193fb0-ef0e-40bb-b6bd-93f4da0715d7","__parent":"Whooshes","position":[1.11070061,350.395599,31.7480354],"fadeInTime":0,"fadeOutTime":0,"isLooping":false,"locked":true,"maxDistance":25,"rangeSphereColor":[0,1,0.870588005,0.300000012],"referenceDistance":7,"rotationMatrix":[1,0,0,0,0.999999762,-0.000690533896,0,0.000690533896,0.999999762],"scale":[25,25,25]}
{"name":"Whoosh_Pole_48","class":"SFXEmitter","persistentId":"7857a4b5-41d2-4bc9-babf-447100ebb6ca","__parent":"Whooshes","position":[-28.8797417,397.067444,36.9896317],"fadeInTime":0,"fadeOutTime":0,"isLooping":false,"locked":true,"maxDistance":25,"rangeSphereColor":[0,1,0.870588005,0.300000012],"referenceDistance":7,"rotationMatrix":[1,0,0,0,0.999999762,-0.000690533896,0,0.000690533896,0.999999762],"scale":[25,25,25]}
{"name":"Whoosh_Pole_49","class":"SFXEmitter","persistentId":"c558099f-1d20-4bbb-bb36-52fad4df7c0f","__parent":"Whooshes","position":[-75.5319595,427.008636,36.4989548],"fadeInTime":0,"fadeOutTime":0,"isLooping":false,"locked":true,"maxDistance":25,"rangeSphereColor":[0,1,0.870588005,0.300000012],"referenceDistance":7,"rotationMatrix":[1,0,0,0,0.999999762,-0.000690533896,0,0.000690533896,0.999999762],"scale":[25,25,25]}
{"name":"Whoosh_Pole_5","class":"SFXEmitter","persistentId":"b8334aa2-3fbd-4e06-a6f9-d14b64a16f7b","__parent":"Whooshes","position":[198.392929,-108.203476,25.1583424],"fadeInTime":0,"fadeOutTime":0,"isLooping":false,"locked":true,"maxDistance":25,"rangeSphereColor":[0,1,0.870588005,0.300000012],"referenceDistance":7,"rotationMatrix":[1,0,0,0,0.999999762,-0.000690533896,0,0.000690533896,0.999999762],"scale":[25,25,25]}
{"name":"Whoosh_Pole_50","class":"SFXEmitter","persistentId":"8181d44d-0d18-408e-9bb5-2d5c3f992bef","__parent":"Whooshes","position":[-130.593521,426.389343,32.4228477],"fadeInTime":0,"fadeOutTime":0,"isLooping":false,"locked":true,"maxDistance":25,"rangeSphereColor":[0,1,0.870588005,0.300000012],"referenceDistance":7,"rotationMatrix":[1,0,0,0,0.999999762,-0.000690533896,0,0.000690533896,0.999999762],"scale":[25,25,25]}
{"name":"Whoosh_Pole_51","class":"SFXEmitter","persistentId":"875e01d4-963c-4d7f-8cbf-425416b001d0","__parent":"Whooshes","position":[-184.880554,426.835083,30.3139095],"fadeInTime":0,"fadeOutTime":0,"isLooping":false,"locked":true,"maxDistance":25,"rangeSphereColor":[0,1,0.870588005,0.300000012],"referenceDistance":7,"rotationMatrix":[1,0,0,0,0.999999762,-0.000690533896,0,0.000690533896,0.999999762],"scale":[25,25,25]}
{"name":"Whoosh_Pole_52","class":"SFXEmitter","persistentId":"d9334ec1-4b03-4435-a6ca-968dd1d1c4c7","__parent":"Whooshes","position":[-244.483429,436.066895,29.6296501],"fadeInTime":0,"fadeOutTime":0,"isLooping":false,"locked":true,"maxDistance":25,"rangeSphereColor":[0,1,0.870588005,0.300000012],"referenceDistance":7,"rotationMatrix":[1,0,0,0,0.999999762,-0.000690533896,0,0.000690533896,0.999999762],"scale":[25,25,25]}
{"name":"Whoosh_Pole_53","class":"SFXEmitter","persistentId":"b463ad69-108b-4a5b-b6e2-504cad035157","__parent":"Whooshes","position":[-297.519226,452.732788,30.1680927],"fadeInTime":0,"fadeOutTime":0,"isLooping":false,"locked":true,"maxDistance":25,"rangeSphereColor":[0,1,0.870588005,0.300000012],"referenceDistance":7,"rotationMatrix":[1,0,0,0,0.999999762,-0.000690533896,0,0.000690533896,0.999999762],"scale":[25,25,25]}
{"name":"Whoosh_Pole_6","class":"SFXEmitter","persistentId":"23b89d17-e583-4199-a660-fe9cf1323926","__parent":"Whooshes","position":[258.052338,-113.320091,27.5065365],"fadeInTime":0,"fadeOutTime":0,"isLooping":false,"locked":true,"maxDistance":25,"rangeSphereColor":[0,1,0.870588005,0.300000012],"referenceDistance":7,"rotationMatrix":[1,0,0,0,0.999999762,-0.000690533896,0,0.000690533896,0.999999762],"scale":[25,25,25]}
{"name":"Whoosh_Pole_7","class":"SFXEmitter","persistentId":"4fe2d1d4-60f5-43b0-bd26-89cfb4622b0b","__parent":"Whooshes","position":[312.849792,-103.098618,28.1896839],"fadeInTime":0,"fadeOutTime":0,"isLooping":false,"locked":true,"maxDistance":25,"rangeSphereColor":[0,1,0.870588005,0.300000012],"referenceDistance":7,"rotationMatrix":[1,0,0,0,0.999999762,-0.000690533896,0,0.000690533896,0.999999762],"scale":[25,25,25]}
{"name":"Whoosh_Pole_8","class":"SFXEmitter","persistentId":"1a0e8982-2873-4c77-8035-4a28256674da","__parent":"Whooshes","position":[357.136536,-71.6278687,25.5863018],"fadeInTime":0,"fadeOutTime":0,"isLooping":false,"locked":true,"maxDistance":25,"rangeSphereColor":[0,1,0.870588005,0.300000012],"referenceDistance":7,"rotationMatrix":[1,0,0,0,0.999999762,-0.000690533896,0,0.000690533896,0.999999762],"scale":[25,25,25]}
{"name":"Whoosh_Pole_9","class":"SFXEmitter","persistentId":"5c5d76c8-e286-4b61-9c3a-448a3a9aba81","__parent":"Whooshes","position":[362.904846,-18.7104454,26.0222435],"fadeInTime":0,"fadeOutTime":0,"isLooping":false,"locked":true,"maxDistance":25,"rangeSphereColor":[0,1,0.870588005,0.300000012],"referenceDistance":7,"rotationMatrix":[1,0,0,0,0.999999762,-0.000690533896,0,0.000690533896,0.999999762],"scale":[25,25,25]}
{"name":"Whoosh_Pole_Large_1","class":"SFXEmitter","persistentId":"d99dec6b-4859-473d-9143-94b238abd361","__parent":"Whooshes","position":[377.545013,-15.5772152,25.5363445],"fadeInTime":0,"fadeOutTime":0,"isLooping":false,"locked":true,"maxDistance":21,"rangeSphereColor":[0,1,0.870588005,0.300000012],"referenceDistance":4,"rotationMatrix":[1,0,0,0,0.999999762,-0.000690533896,0,0.000690533896,0.999999762],"scale":[21,21,21]}
{"name":"Whoosh_Pole_Large_10","class":"SFXEmitter","persistentId":"926637ff-a8dc-4700-913f-1a468c9e44d3","__parent":"Whooshes","position":[280.996277,-292.666595,43.6509209],"fadeInTime":0,"fadeOutTime":0,"isLooping":false,"locked":true,"maxDistance":21,"rangeSphereColor":[0,1,0.870588005,0.300000012],"referenceDistance":4,"rotationMatrix":[1,0,0,0,0.999999762,-0.000690533896,0,0.000690533896,0.999999762],"scale":[21,21,21]}
{"name":"Whoosh_Pole_Large_11","class":"SFXEmitter","persistentId":"f2814151-1c4a-480c-b73d-c6190ee3b7c3","__parent":"Whooshes","position":[319.702118,-412.360809,38.698967],"fadeInTime":0,"fadeOutTime":0,"isLooping":false,"locked":true,"maxDistance":21,"rangeSphereColor":[0,1,0.870588005,0.300000012],"referenceDistance":4,"rotationMatrix":[1,0,0,0,0.999999762,-0.000690533896,0,0.000690533896,0.999999762],"scale":[21,21,21]}
{"name":"Whoosh_Pole_Large_12","class":"SFXEmitter","persistentId":"dff24176-3d48-463d-b7a7-4af1001ab5e7","__parent":"Whooshes","position":[287.148987,-489.846619,38.1234131],"fadeInTime":0,"fadeOutTime":0,"isLooping":false,"locked":true,"maxDistance":21,"rangeSphereColor":[0,1,0.870588005,0.300000012],"referenceDistance":4,"rotationMatrix":[1,0,0,0,0.999999762,-0.000690533896,0,0.000690533896,0.999999762],"scale":[21,21,21]}
{"name":"Whoosh_Pole_Large_13","class":"SFXEmitter","persistentId":"61501871-af35-445e-9a0f-fe4592006900","__parent":"Whooshes","position":[183.380768,-410.410706,31.3196373],"fadeInTime":0,"fadeOutTime":0,"isLooping":false,"locked":true,"maxDistance":21,"rangeSphereColor":[0,1,0.870588005,0.300000012],"referenceDistance":4,"rotationMatrix":[1,0,0,0,0.999999762,-0.000690533896,0,0.000690533896,0.999999762],"scale":[21,21,21]}
{"name":"Whoosh_Pole_Large_14","class":"SFXEmitter","persistentId":"831a5b2a-f691-4303-a3f9-875627cc7cd1","__parent":"Whooshes","position":[89.5880203,-326.593903,26.8540993],"fadeInTime":0,"fadeOutTime":0,"isLooping":false,"locked":true,"maxDistance":21,"rangeSphereColor":[0,1,0.870588005,0.300000012],"referenceDistance":4,"rotationMatrix":[1,0,0,0,0.999999762,-0.000690533896,0,0.000690533896,0.999999762],"scale":[21,21,21]}
{"name":"Whoosh_Pole_Large_15","class":"SFXEmitter","persistentId":"cb278631-4ab5-4071-bb64-175d78146771","__parent":"Whooshes","position":[37.3601151,-140.873856,25.31637],"fadeInTime":0,"fadeOutTime":0,"isLooping":false,"locked":true,"maxDistance":21,"rangeSphereColor":[0,1,0.870588005,0.300000012],"referenceDistance":4,"rotationMatrix":[1,0,0,0,0.999999762,-0.000690533896,0,0.000690533896,0.999999762],"scale":[21,21,21]}
{"name":"Whoosh_Pole_Large_16","class":"SFXEmitter","persistentId":"dec6a52d-ec54-467a-a20e-b92c4d60f9a3","__parent":"Whooshes","position":[-104.845695,80.6085281,32.0178604],"fadeInTime":0,"fadeOutTime":0,"isLooping":false,"locked":true,"maxDistance":21,"rangeSphereColor":[0,1,0.870588005,0.300000012],"referenceDistance":4,"rotationMatrix":[1,0,0,0,0.999999762,-0.000690533896,0,0.000690533896,0.999999762],"scale":[21,21,21]}
{"name":"Whoosh_Pole_Large_17","class":"SFXEmitter","persistentId":"28f9522c-710d-468f-9885-5d14d9d203d1","__parent":"Whooshes","position":[-366.023285,255.432037,24.8087196],"fadeInTime":0,"fadeOutTime":0,"isLooping":false,"locked":true,"maxDistance":21,"rangeSphereColor":[0,1,0.870588005,0.300000012],"referenceDistance":4,"rotationMatrix":[1,0,0,0,0.999999762,-0.000690533896,0,0.000690533896,0.999999762],"scale":[21,21,21]}
{"name":"Whoosh_Pole_Large_18","class":"SFXEmitter","persistentId":"0cec3107-c685-4bf7-bcad-a2028e054c73","__parent":"Whooshes","position":[-311.93161,72.3496094,32.1563683],"fadeInTime":0,"fadeOutTime":0,"isLooping":false,"locked":true,"maxDistance":21,"rangeSphereColor":[0,1,0.870588005,0.300000012],"referenceDistance":4,"rotationMatrix":[1,0,0,0,0.999999762,-0.000690533896,0,0.000690533896,0.999999762],"scale":[21,21,21]}
{"name":"Whoosh_Pole_Large_19","class":"SFXEmitter","persistentId":"58b2693f-eb30-4bb7-9d61-55920ee1b3ea","__parent":"Whooshes","position":[-357.584106,137.984833,25.7659683],"fadeInTime":0,"fadeOutTime":0,"isLooping":false,"locked":true,"maxDistance":21,"rangeSphereColor":[0,1,0.870588005,0.300000012],"referenceDistance":4,"rotationMatrix":[1,0,0,0,0.999999762,-0.000690533896,0,0.000690533896,0.999999762],"scale":[21,21,21]}
{"name":"Whoosh_Pole_Large_2","class":"SFXEmitter","persistentId":"45e4105f-7a9f-4c87-8fe6-df730d6f4c69","__parent":"Whooshes","position":[277.178345,82.4769974,24.7044582],"fadeInTime":0,"fadeOutTime":0,"isLooping":false,"locked":true,"maxDistance":21,"rangeSphereColor":[0,1,0.870588005,0.300000012],"referenceDistance":4,"rotationMatrix":[1,0,0,0,0.999999762,-0.000690533896,0,0.000690533896,0.999999762],"scale":[21,21,21]}
{"name":"Whoosh_Pole_Large_20","class":"SFXEmitter","persistentId":"df9c2878-81eb-4543-a93e-fc959dbdef2f","__parent":"Whooshes","position":[-410.509033,479.453125,34.6093063],"fadeInTime":0,"fadeOutTime":0,"isLooping":false,"locked":true,"maxDistance":21,"rangeSphereColor":[0,1,0.870588005,0.300000012],"referenceDistance":4,"rotationMatrix":[1,0,0,0,0.999999762,-0.000690533896,0,0.000690533896,0.999999762],"scale":[21,21,21]}
{"name":"Whoosh_Pole_Large_3","class":"SFXEmitter","persistentId":"4461c974-a9a8-40b6-9160-b1ffe2f4a309","__parent":"Whooshes","position":[161.90834,226.314407,29.6249275],"fadeInTime":0,"fadeOutTime":0,"isLooping":false,"locked":true,"maxDistance":21,"rangeSphereColor":[0,1,0.870588005,0.300000012],"referenceDistance":4,"rotationMatrix":[1,0,0,0,0.999999762,-0.000690533896,0,0.000690533896,0.999999762],"scale":[21,21,21]}
{"name":"Whoosh_Pole_Large_4","class":"SFXEmitter","persistentId":"8bb5fd2e-65b3-4fbf-a36e-bcd9ce592159","__parent":"Whooshes","position":[-107.878242,210.93486,24.9754906],"fadeInTime":0,"fadeOutTime":0,"isLooping":false,"locked":true,"maxDistance":21,"rangeSphereColor":[0,1,0.870588005,0.300000012],"referenceDistance":4,"rotationMatrix":[1,0,0,0,0.999999762,-0.000690533896,0,0.000690533896,0.999999762],"scale":[21,21,21]}
{"name":"Whoosh_Pole_Large_5","class":"SFXEmitter","persistentId":"d827efc6-422b-4081-8ca0-6b8eed5fefda","__parent":"Whooshes","position":[-123.257889,317.769531,30.2534161],"fadeInTime":0,"fadeOutTime":0,"isLooping":false,"locked":true,"maxDistance":21,"rangeSphereColor":[0,1,0.870588005,0.300000012],"referenceDistance":4,"rotationMatrix":[1,0,0,0,0.999999762,-0.000690533896,0,0.000690533896,0.999999762],"scale":[21,21,21]}
{"name":"Whoosh_Pole_Large_6","class":"SFXEmitter","persistentId":"c4c3a00b-4120-460f-98c4-0cedae7c9e7c","__parent":"Whooshes","position":[-360.466034,409.101257,30.2262211],"fadeInTime":0,"fadeOutTime":0,"isLooping":false,"locked":true,"maxDistance":21,"rangeSphereColor":[0,1,0.870588005,0.300000012],"referenceDistance":4,"rotationMatrix":[1,0,0,0,0.999999762,-0.000690533896,0,0.000690533896,0.999999762],"scale":[21,21,21]}
{"name":"Whoosh_Pole_Large_7","class":"SFXEmitter","persistentId":"89cf0865-211a-4f2b-985e-91d6fb8f8838","__parent":"Whooshes","position":[-478.960571,504.750549,33.1087532],"fadeInTime":0,"fadeOutTime":0,"isLooping":false,"locked":true,"maxDistance":21,"rangeSphereColor":[0,1,0.870588005,0.300000012],"referenceDistance":4,"rotationMatrix":[1,0,0,0,0.999999762,-0.000690533896,0,0.000690533896,0.999999762],"scale":[21,21,21]}
{"name":"Whoosh_Pole_Large_8","class":"SFXEmitter","persistentId":"558a7ae8-48bc-4ad5-99ca-18d89c13f42e","__parent":"Whooshes","position":[-470.825256,455.541168,28.9076443],"fadeInTime":0,"fadeOutTime":0,"isLooping":false,"locked":true,"maxDistance":21,"rangeSphereColor":[0,1,0.870588005,0.300000012],"referenceDistance":4,"rotationMatrix":[1,0,0,0,0.999999762,-0.000690533896,0,0.000690533896,0.999999762],"scale":[21,21,21]}
{"name":"Whoosh_Pole_Large_9","class":"SFXEmitter","persistentId":"1ebfb39a-5605-4e07-8914-902f9b984168","__parent":"Whooshes","position":[-532.549866,428.396057,26.5360146],"fadeInTime":0,"fadeOutTime":0,"isLooping":false,"locked":true,"maxDistance":21,"rangeSphereColor":[0,1,0.870588005,0.300000012],"referenceDistance":4,"rotationMatrix":[1,0,0,0,0.999999762,-0.000690533896,0,0.000690533896,0.999999762],"scale":[21,21,21]}
{"name":"Whoosh_Sign_1","class":"SFXEmitter","persistentId":"c74dd4c8-5b41-4462-bc90-58234ffdf410","__parent":"Whooshes","position":[364.43988,-9.16192913,25.71311],"fadeInTime":0,"fadeOutTime":0,"isLooping":false,"locked":true,"maxDistance":21,"rangeSphereColor":[0,1,0.870588005,0.300000012],"referenceDistance":4,"rotationMatrix":[1,0,0,0,0.999999762,-0.000690533896,0,0.000690533896,0.999999762],"scale":[21,21,21]}
{"name":"Whoosh_Sign_2","class":"SFXEmitter","persistentId":"af05f84a-d26a-4124-ae8d-e1469bdc0d1a","__parent":"Whooshes","position":[370.044464,-133.777435,35.9699097],"fadeInTime":0,"fadeOutTime":0,"isLooping":false,"locked":true,"maxDistance":21,"rangeSphereColor":[0,1,0.870588005,0.300000012],"referenceDistance":4,"rotationMatrix":[1,0,0,0,0.999999762,-0.000690533896,0,0.000690533896,0.999999762],"scale":[21,21,21]}
{"name":"Whoosh_Sign_3","class":"SFXEmitter","persistentId":"34ae3aa6-ab2d-47c3-8962-3298bc7fc3cf","__parent":"Whooshes","position":[250.635178,99.0923996,24.6287766],"fadeInTime":0,"fadeOutTime":0,"isLooping":false,"locked":true,"maxDistance":21,"rangeSphereColor":[0,1,0.870588005,0.300000012],"referenceDistance":4,"rotationMatrix":[1,0,0,0,0.999999762,-0.000690533896,0,0.000690533896,0.999999762],"scale":[21,21,21]}
{"name":"Whoosh_Sign_4","class":"SFXEmitter","persistentId":"e1486e9f-ed2f-4496-985a-55efea062785","__parent":"Whooshes","position":[-191.103165,239.417465,31.0798607],"fadeInTime":0,"fadeOutTime":0,"isLooping":false,"locked":true,"maxDistance":21,"rangeSphereColor":[0,1,0.870588005,0.300000012],"referenceDistance":4,"rotationMatrix":[1,0,0,0,0.999999762,-0.000690533896,0,0.000690533896,0.999999762],"scale":[21,21,21]}
{"name":"Whoosh_Sign_5","class":"SFXEmitter","persistentId":"d937b15f-1428-47f0-9ee8-7ff01ba939cb","__parent":"Whooshes","position":[15.6663151,-196.488098,28.1864796],"fadeInTime":0,"fadeOutTime":0,"isLooping":false,"locked":true,"maxDistance":21,"rangeSphereColor":[0,1,0.870588005,0.300000012],"referenceDistance":4,"rotationMatrix":[1,0,0,0,0.999999762,-0.000690533896,0,0.000690533896,0.999999762],"scale":[21,21,21]}
{"name":"Whoosh_Sign_6","class":"SFXEmitter","persistentId":"6e1acfb4-2d84-444e-868c-473cb15e5e54","__parent":"Whooshes","position":[33.9167328,-314.68692,34.5521431],"fadeInTime":0,"fadeOutTime":0,"isLooping":false,"locked":true,"maxDistance":21,"rangeSphereColor":[0,1,0.870588005,0.300000012],"referenceDistance":4,"rotationMatrix":[1,0,0,0,0.999999762,-0.000690533896,0,0.000690533896,0.999999762],"scale":[21,21,21]}
{"name":"Whoosh_Sign_7","class":"SFXEmitter","persistentId":"e7ba8722-3d70-49f6-bf3b-d903153ee44d","__parent":"Whooshes","position":[304.717285,-513.490173,47.4995384],"fadeInTime":0,"fadeOutTime":0,"isLooping":false,"locked":true,"maxDistance":21,"rangeSphereColor":[0,1,0.870588005,0.300000012],"referenceDistance":4,"rotationMatrix":[1,0,0,0,0.999999762,-0.000690533896,0,0.000690533896,0.999999762],"scale":[21,21,21]}
{"name":"Whoosh_Sign_8","class":"SFXEmitter","persistentId":"1cc4d037-0c07-4b65-9c22-1e35d5c31f53","__parent":"Whooshes","position":[374.836761,-444.531891,46.1357307],"fadeInTime":0,"fadeOutTime":0,"isLooping":false,"locked":true,"maxDistance":21,"rangeSphereColor":[0,1,0.870588005,0.300000012],"referenceDistance":4,"rotationMatrix":[1,0,0,0,0.999999762,-0.000690533896,0,0.000690533896,0.999999762],"scale":[21,21,21]}
{"name":"Whoosh_Sign_9","class":"SFXEmitter","persistentId":"6821670a-50da-4072-9c54-282fe61f2ef3","__parent":"Whooshes","position":[420.069458,-131.82103,34.652256],"fadeInTime":0,"fadeOutTime":0,"isLooping":false,"locked":true,"maxDistance":21,"rangeSphereColor":[0,1,0.870588005,0.300000012],"referenceDistance":4,"rotationMatrix":[1,0,0,0,0.999999762,-0.000690533896,0,0.000690533896,0.999999762],"scale":[21,21,21]}
{"name":"Whoosh_Tower_1","class":"SFXEmitter","persistentId":"239efb15-7b21-422a-b278-44d2e2049051","__parent":"Whooshes","position":[207.561462,181.05249,28.2760715],"fadeInTime":0,"fadeOutTime":0,"isLooping":false,"locked":true,"maxDistance":21,"rangeSphereColor":[0,1,0.870588005,0.300000012],"referenceDistance":4,"rotationMatrix":[1,0,0,0,0.999999762,-0.000690533896,0,0.000690533896,0.999999762],"scale":[21,21,21]}
{"name":"Whoosh_Tower_2","class":"SFXEmitter","persistentId":"5609e9c8-68c6-4ac9-9964-24497f1d7ab7","__parent":"Whooshes","position":[313.669189,-170.101242,44.3983383],"fadeInTime":0,"fadeOutTime":0,"isLooping":false,"locked":true,"maxDistance":21,"rangeSphereColor":[0,1,0.870588005,0.300000012],"referenceDistance":4,"rotationMatrix":[1,0,0,0,0.999999762,-0.000690533896,0,0.000690533896,0.999999762],"scale":[21,21,21]}
