{"name":"garageBounce_1","class":"PointLight","persistentId":"7c239321-0245-4824-afe5-b569e4e5120b","__parent":"lightObjects","position":[903.532898,-546.028137,162.62561],"brightness":0.100000001,"isEnabled":false,"radius":12}
{"name":"garageBounce_2","class":"PointLight","persistentId":"7bac65fc-78d9-4275-a8b8-7d8fde088f92","__parent":"lightObjects","position":[913.371826,-547.213928,162.62561],"brightness":0.100000001,"isEnabled":false,"radius":12,"shadowDarkenColor":[0,0,0,0]}
{"name":"garageBounce_3","class":"PointLight","persistentId":"3939c159-a316-4da1-872e-f4a6f1e06e0e","__parent":"lightObjects","position":[914.376648,-537.362549,162.62561],"brightness":0.100000001,"isEnabled":false,"radius":12,"shadowDarkenColor":[0,0,0,0]}
{"name":"garageLight_1","class":"SpotLight","persistentId":"f0772948-cebc-4493-881d-7f8410b22883","__parent":"lightObjects","position":[904.559448,-546.374023,168.587921],"brightness":1.20000005,"castShadows":true,"innerAngle":90,"isEnabled":false,"outerAngle":120,"overDarkFactor":[20000,10000,5000,100],"rotationMatrix":[1,0,0,0,-1.1920929e-07,-0.999999821,0,0.999999821,-1.1920929e-07],"shadowSoftness":1}
{"name":"garageLight_2","class":"SpotLight","persistentId":"00319691-ff65-4950-b979-a51739c9deac","__parent":"lightObjects","position":[909.763611,-546.843079,168.587921],"brightness":1.20000005,"castShadows":true,"innerAngle":90,"isEnabled":false,"outerAngle":120,"overDarkFactor":[20000,10000,5000,100],"rotationMatrix":[1,0,0,0,-1.1920929e-07,-0.999999821,0,0.999999821,-1.1920929e-07],"shadowDarkenColor":[0,0,0,0],"shadowSoftness":1}
{"name":"garageLight_3","class":"SpotLight","persistentId":"4d00b6bc-57b9-4ff4-ae65-9170e5418a84","__parent":"lightObjects","position":[914.952332,-547.175659,168.587921],"brightness":1.20000005,"castShadows":true,"innerAngle":90,"isEnabled":false,"outerAngle":120,"overDarkFactor":[20000,10000,5000,100],"rotationMatrix":[1,0,0,0,-1.1920929e-07,-0.999999821,0,0.999999821,-1.1920929e-07],"shadowDarkenColor":[0,0,0,0],"shadowSoftness":1}
{"name":"garageLight_4","class":"SpotLight","persistentId":"c8f2e533-01f1-4c8d-91f1-481ef768350d","__parent":"lightObjects","position":[915.989929,-538.824219,168.587921],"brightness":1.20000005,"castShadows":true,"innerAngle":90,"isEnabled":false,"outerAngle":120,"overDarkFactor":[20000,10000,5000,100],"rotationMatrix":[1,0,0,0,-1.1920929e-07,-0.999999821,0,0.999999821,-1.1920929e-07],"shadowDarkenColor":[0,0,0,0],"shadowSoftness":1}
{"name":"garageLight_5","class":"SpotLight","persistentId":"cea277d5-58ce-46dc-a81e-ee033361210f","__parent":"lightObjects","position":[910.940308,-538.040833,168.587921],"brightness":1.20000005,"castShadows":true,"innerAngle":60,"isEnabled":false,"outerAngle":90,"overDarkFactor":[20000,10000,5000,100],"rotationMatrix":[1,0,0,0,-1.1920929e-07,-0.999999821,0,0.999999821,-1.1920929e-07],"shadowDarkenColor":[0,0,0,0],"shadowSoftness":1}
{"name":"garageLight_6","class":"SpotLight","persistentId":"cd3b4858-6c1c-47b4-90d0-6a6c70438f62","__parent":"lightObjects","position":[905.074707,-541.3974,168.058594],"castShadows":true,"innerAngle":90,"isEnabled":false,"outerAngle":120,"overDarkFactor":[20000,10000,5000,100],"range":8,"rotationMatrix":[0.997213662,-0.074173972,-0.00794473663,0.0114000328,0.256775916,-0.966403723,0.0737220198,0.963620424,0.256906033],"shadowDarkenColor":[0,0,0,0],"shadowSoftness":1}
{"name":"garageOfficeLight_2","class":"SpotLight","persistentId":"97a96cdf-04cc-4120-ba3f-2541767ca213","__parent":"lightObjects","position":[905.74231,-537.359558,167.587585],"castShadows":true,"innerAngle":50,"isEnabled":false,"outerAngle":80,"overDarkFactor":[20000,10000,5000,100],"rotationMatrix":[1,0,0,0,-1.1920929e-07,-0.999999821,0,0.999999821,-1.1920929e-07],"shadowDarkenColor":[0,0,0,0],"shadowSoftness":1,"texSize":256}
{"name":"garageOfficeLight_1","class":"SpotLight","persistentId":"24a3f562-d259-4124-8f08-883d0b4183db","__parent":"lightObjects","position":[902.012085,-536.791565,167.587585],"castShadows":true,"innerAngle":50,"isEnabled":false,"outerAngle":80,"overDarkFactor":[20000,10000,5000,100],"rotationMatrix":[1,0,0,0,-1.1920929e-07,-0.999999821,0,0.999999821,-1.1920929e-07],"shadowDarkenColor":[0,0,0,0],"shadowSoftness":1,"texSize":1024}
{"name":"garageBenchLight_1","class":"PointLight","persistentId":"35e5cb27-7ad4-49e9-b7cf-f6e5c7352052","__parent":"lightObjects","position":[908.429382,-537.104614,166.11554],"brightness":1.5,"castShadows":true,"isEnabled":false,"radius":1.60000002,"shadowDarkenColor":[0,0,0,0],"shadowType":"DualParaboloid"}
{"name":"garageBenchLight_2","class":"PointLight","persistentId":"7ba956ef-07bc-4950-aa7b-e7e8acd595f2","__parent":"lightObjects","position":[908.639954,-534.559753,166.058334],"brightness":1.5,"castShadows":true,"isEnabled":false,"radius":2,"shadowDarkenColor":[0,0,0,0],"shadowType":"DualParaboloid"}
{"name":"garageBenchLight_3","class":"SpotLight","persistentId":"6fe056bb-0ce9-4a37-926f-8ed1adb7dde2","__parent":"lightObjects","position":[908.01593,-537.171692,166.055466],"brightness":2.5,"castShadows":true,"innerAngle":90,"isEnabled":false,"outerAngle":120,"overDarkFactor":[20000,10000,5000,100],"range":3.5,"rotationMatrix":[0.597258866,0.0112150311,0.801970005,0.800784886,-0.0644425154,-0.595474899,0.0450028181,0.997858226,-0.0474696159],"shadowDarkenColor":[0,0,0,0],"shadowSoftness":1}
{"name":"garageExteriorLight_1","class":"PointLight","persistentId":"1b052df7-a31c-48eb-9ad5-7c7c2fcfd66b","__parent":"lightObjects","position":[906.887329,-532.378479,167.30983],"brightness":0.5,"radius":2,"shadowDarkenColor":[0,0,0,0],"shadowType":"DualParaboloid"}
{"name":"garageExteriorLight_2","class":"PointLight","persistentId":"15c0960e-c47d-4fa2-9e20-4abcaf8f0dc0","__parent":"lightObjects","position":[903.719543,-531.925964,167.30983],"brightness":0.5,"radius":2,"shadowDarkenColor":[0,0,0,0],"shadowType":"DualParaboloid"}
{"name":"garageExteriorLight_3","class":"PointLight","persistentId":"c985aa39-7025-40d6-be25-b25e831e301a","__parent":"lightObjects","position":[899.428589,-534.662842,167.55423],"brightness":0.5,"radius":3,"rotationMatrix":[0.991892934,-0.127076536,0,0.127076536,0.991892934,0,0,0,1],"shadowDarkenColor":[0,0,0,0],"shadowType":"DualParaboloid"}
{"name":"garageExteriorLight_4","class":"PointLight","persistentId":"5882f199-6120-4199-90e2-50978dbb6c17","__parent":"lightObjects","position":[899.003113,-537.983826,167.55423],"brightness":0.5,"radius":3,"rotationMatrix":[0.991892934,-0.127076536,0,0.127076536,0.991892934,0,0,0,1],"shadowDarkenColor":[0,0,0,0],"shadowType":"DualParaboloid"}
{"name":"garageOfficeLight_3","class":"PointLight","persistentId":"802f66e5-f020-443a-b7a7-4e75dad82ad2","__parent":"lightObjects","position":[903.950073,-536.741699,165.842819],"isEnabled":false,"radius":4,"shadowDarkenColor":[0,0,0,0],"shadowType":"DualParaboloid"}
